case,control,warp_type,configured_iterations,configured_scale,mode,comparison,edit_ssim,edit_psnr,edit_l2,arcface_edit_cosine_similarity,left_edit_path,right_edit_path
image2_black_jacket,all_iter50_scale05,all,50.0,0.5,combined,delta_increment_after_reconstruction,0.4291643798351288,9.96090258451044,0.3176543966484137,0.16950081288814545,/home/interns/Desktop/amit_code/targeted_experiments/geometry_depth_strength_controls/image2_black_jacket__all_iter50_scale05/combined/vae_reconstruction_edit.png,/home/interns/Desktop/amit_code/targeted_experiments/geometry_depth_strength_controls/image2_black_jacket__all_iter50_scale05/combined/learned_delta_only_edit.png
image2_black_jacket,all_iter50_scale05,all,50.0,0.5,combined,geometry_on_original_effect,0.9284209609031677,31.63471570508257,0.026197763349957867,0.9803228378295898,/home/interns/Desktop/amit_code/targeted_experiments/geometry_depth_strength_controls/image2_black_jacket__all_iter50_scale05/clean_edit.png,/home/interns/Desktop/amit_code/targeted_experiments/geometry_depth_strength_controls/image2_black_jacket__all_iter50_scale05/combined/learned_geometry_on_original_edit.png
image2_black_jacket,all_iter50_scale05,all,50.0,0.5,combined,geometry_on_reconstruction_effect,0.9168968200683594,19.25188355432415,0.1089948109104671,0.8464478254318237,/home/interns/Desktop/amit_code/targeted_experiments/geometry_depth_strength_controls/image2_black_jacket__all_iter50_scale05/combined/vae_reconstruction_edit.png,/home/interns/Desktop/amit_code/targeted_experiments/geometry_depth_strength_controls/image2_black_jacket__all_iter50_scale05/combined/learned_geometry_on_reconstruction_edit.png
image2_black_jacket,all_iter50_scale05,all,50.0,0.5,combined,geometry_increment_after_delta,0.8640737533569336,27.885230724171947,0.040340238710525424,0.6497079133987427,/home/interns/Desktop/amit_code/targeted_experiments/geometry_depth_strength_controls/image2_black_jacket__all_iter50_scale05/combined/learned_delta_only_edit.png,/home/interns/Desktop/amit_code/targeted_experiments/geometry_depth_strength_controls/image2_black_jacket__all_iter50_scale05/combined/learned_combined_edit.png
image2_black_jacket,all_iter50_scale05,all,50.0,0.5,geometry_only_original,delta_increment_after_reconstruction,1.0,,0.0,1.0,/home/interns/Desktop/amit_code/targeted_experiments/geometry_depth_strength_controls/image2_black_jacket__all_iter50_scale05/geometry_only_original/vae_reconstruction_edit.png,/home/interns/Desktop/amit_code/targeted_experiments/geometry_depth_strength_controls/image2_black_jacket__all_iter50_scale05/geometry_only_original/learned_delta_only_edit.png
image2_black_jacket,all_iter50_scale05,all,50.0,0.5,geometry_only_original,geometry_on_original_effect,0.7196228504180908,22.152723200376457,0.07804837045010095,0.6986256837844849,/home/interns/Desktop/amit_code/targeted_experiments/geometry_depth_strength_controls/image2_black_jacket__all_iter50_scale05/clean_edit.png,/home/interns/Desktop/amit_code/targeted_experiments/geometry_depth_strength_controls/image2_black_jacket__all_iter50_scale05/geometry_only_original/learned_geometry_on_original_edit.png
image2_black_jacket,all_iter50_scale05,all,50.0,0.5,geometry_only_original,geometry_on_reconstruction_effect,0.6063485145568848,16.20795225693296,0.154739926826903,0.6520691514015198,/home/interns/Desktop/amit_code/targeted_experiments/geometry_depth_strength_controls/image2_black_jacket__all_iter50_scale05/geometry_only_original/vae_reconstruction_edit.png,/home/interns/Desktop/amit_code/targeted_experiments/geometry_depth_strength_controls/image2_black_jacket__all_iter50_scale05/geometry_only_original/learned_geometry_on_reconstruction_edit.png
image2_black_jacket,all_iter50_scale05,all,50.0,0.5,geometry_only_original,geometry_increment_after_delta,0.6063485145568848,16.20795225693296,0.154739926826903,0.6520691514015198,/home/interns/Desktop/amit_code/targeted_experiments/geometry_depth_strength_controls/image2_black_jacket__all_iter50_scale05/geometry_only_original/learned_delta_only_edit.png,/home/interns/Desktop/amit_code/targeted_experiments/geometry_depth_strength_controls/image2_black_jacket__all_iter50_scale05/geometry_only_original/learned_combined_edit.png
image2_black_jacket,all_iter50_scale05,all,50.0,0.5,geometry_only_reconstruction,delta_increment_after_reconstruction,1.0,,0.0,1.0,/home/interns/Desktop/amit_code/targeted_experiments/geometry_depth_strength_controls/image2_black_jacket__all_iter50_scale05/geometry_only_reconstruction/vae_reconstruction_edit.png,/home/interns/Desktop/amit_code/targeted_experiments/geometry_depth_strength_controls/image2_black_jacket__all_iter50_scale05/geometry_only_reconstruction/learned_delta_only_edit.png
image2_black_jacket,all_iter50_scale05,all,50.0,0.5,geometry_only_reconstruction,geometry_on_original_effect,0.5589001178741455,17.238898718853406,0.13742162003962474,0.551926851272583,/home/interns/Desktop/amit_code/targeted_experiments/geometry_depth_strength_controls/image2_black_jacket__all_iter50_scale05/clean_edit.png,/home/interns/Desktop/amit_code/targeted_experiments/geometry_depth_strength_controls/image2_black_jacket__all_iter50_scale05/geometry_only_reconstruction/learned_geometry_on_original_edit.png
image2_black_jacket,all_iter50_scale05,all,50.0,0.5,geometry_only_reconstruction,geometry_on_reconstruction_effect,0.5443782210350037,15.505865841904026,0.16776706541348485,0.35932886600494385,/home/interns/Desktop/amit_code/targeted_experiments/geometry_depth_strength_controls/image2_black_jacket__all_iter50_scale05/geometry_only_reconstruction/vae_reconstruction_edit.png,/home/interns/Desktop/amit_code/targeted_experiments/geometry_depth_strength_controls/image2_black_jacket__all_iter50_scale05/geometry_only_reconstruction/learned_geometry_on_reconstruction_edit.png
image2_black_jacket,all_iter50_scale05,all,50.0,0.5,geometry_only_reconstruction,geometry_increment_after_delta,0.5443782210350037,15.505865841904026,0.16776706541348485,0.35932886600494385,/home/interns/Desktop/amit_code/targeted_experiments/geometry_depth_strength_controls/image2_black_jacket__all_iter50_scale05/geometry_only_reconstruction/learned_delta_only_edit.png,/home/interns/Desktop/amit_code/targeted_experiments/geometry_depth_strength_controls/image2_black_jacket__all_iter50_scale05/geometry_only_reconstruction/learned_combined_edit.png
image2_black_jacket,bspline_iter100_scale1,bspline,100.0,1.0,combined,delta_increment_after_reconstruction,0.430601567029953,9.96716121052973,0.31742559291381334,0.2802791893482208,/home/interns/Desktop/amit_code/targeted_experiments/geometry_depth_strength_controls/image2_black_jacket__bspline_iter100_scale1/combined/vae_reconstruction_edit.png,/home/interns/Desktop/amit_code/targeted_experiments/geometry_depth_strength_controls/image2_black_jacket__bspline_iter100_scale1/combined/learned_delta_only_edit.png
image2_black_jacket,bspline_iter100_scale1,bspline,100.0,1.0,combined,geometry_on_original_effect,0.9823138117790222,38.55579307460608,0.011808924508320804,0.992997944355011,/home/interns/Desktop/amit_code/targeted_experiments/geometry_depth_strength_controls/image2_black_jacket__bspline_iter100_scale1/clean_edit.png,/home/interns/Desktop/amit_code/targeted_experiments/geometry_depth_strength_controls/image2_black_jacket__bspline_iter100_scale1/combined/learned_geometry_on_original_edit.png
image2_black_jacket,bspline_iter100_scale1,bspline,100.0,1.0,combined,geometry_on_reconstruction_effect,0.9829422831535339,29.813926239600374,0.03230752492261394,0.9182032942771912,/home/interns/Desktop/amit_code/targeted_experiments/geometry_depth_strength_controls/image2_black_jacket__bspline_iter100_scale1/combined/vae_reconstruction_edit.png,/home/interns/Desktop/amit_code/targeted_experiments/geometry_depth_strength_controls/image2_black_jacket__bspline_iter100_scale1/combined/learned_geometry_on_reconstruction_edit.png
image2_black_jacket,bspline_iter100_scale1,bspline,100.0,1.0,combined,geometry_increment_after_delta,0.991161048412323,38.858076685103924,0.011405023008114341,0.9917661547660828,/home/interns/Desktop/amit_code/targeted_experiments/geometry_depth_strength_controls/image2_black_jacket__bspline_iter100_scale1/combined/learned_delta_only_edit.png,/home/interns/Desktop/amit_code/targeted_experiments/geometry_depth_strength_controls/image2_black_jacket__bspline_iter100_scale1/combined/learned_combined_edit.png
image2_black_jacket,bspline_iter100_scale1,bspline,100.0,1.0,geometry_only_original,delta_increment_after_reconstruction,1.0,,0.0,1.0,/home/interns/Desktop/amit_code/targeted_experiments/geometry_depth_strength_controls/image2_black_jacket__bspline_iter100_scale1/geometry_only_original/vae_reconstruction_edit.png,/home/interns/Desktop/amit_code/targeted_experiments/geometry_depth_strength_controls/image2_black_jacket__bspline_iter100_scale1/geometry_only_original/learned_delta_only_edit.png
image2_black_jacket,bspline_iter100_scale1,bspline,100.0,1.0,geometry_only_original,geometry_on_original_effect,0.8930761814117432,29.72381131209913,0.03264445589834447,0.9285014271736145,/home/interns/Desktop/amit_code/targeted_experiments/geometry_depth_strength_controls/image2_black_jacket__bspline_iter100_scale1/clean_edit.png,/home/interns/Desktop/amit_code/targeted_experiments/geometry_depth_strength_controls/image2_black_jacket__bspline_iter100_scale1/geometry_only_original/learned_geometry_on_original_edit.png
image2_black_jacket,bspline_iter100_scale1,bspline,100.0,1.0,geometry_only_original,geometry_on_reconstruction_effect,0.8909744620323181,18.718814553853335,0.1158935516338135,0.8089876174926758,/home/interns/Desktop/amit_code/targeted_experiments/geometry_depth_strength_controls/image2_black_jacket__bspline_iter100_scale1/geometry_only_original/vae_reconstruction_edit.png,/home/interns/Desktop/amit_code/targeted_experiments/geometry_depth_strength_controls/image2_black_jacket__bspline_iter100_scale1/geometry_only_original/learned_geometry_on_reconstruction_edit.png
image2_black_jacket,bspline_iter100_scale1,bspline,100.0,1.0,geometry_only_original,geometry_increment_after_delta,0.8909744620323181,18.718814553853335,0.1158935516338135,0.8089876174926758,/home/interns/Desktop/amit_code/targeted_experiments/geometry_depth_strength_controls/image2_black_jacket__bspline_iter100_scale1/geometry_only_original/learned_delta_only_edit.png,/home/interns/Desktop/amit_code/targeted_experiments/geometry_depth_strength_controls/image2_black_jacket__bspline_iter100_scale1/geometry_only_original/learned_combined_edit.png
image2_black_jacket,bspline_iter100_scale1,bspline,100.0,1.0,geometry_only_reconstruction,delta_increment_after_reconstruction,1.0,,0.0,1.0,/home/interns/Desktop/amit_code/targeted_experiments/geometry_depth_strength_controls/image2_black_jacket__bspline_iter100_scale1/geometry_only_reconstruction/vae_reconstruction_edit.png,/home/interns/Desktop/amit_code/targeted_experiments/geometry_depth_strength_controls/image2_black_jacket__bspline_iter100_scale1/geometry_only_reconstruction/learned_delta_only_edit.png
image2_black_jacket,bspline_iter100_scale1,bspline,100.0,1.0,geometry_only_reconstruction,geometry_on_original_effect,0.932925283908844,32.05334284224086,0.024965074010624835,0.9686986207962036,/home/interns/Desktop/amit_code/targeted_experiments/geometry_depth_strength_controls/image2_black_jacket__bspline_iter100_scale1/clean_edit.png,/home/interns/Desktop/amit_code/targeted_experiments/geometry_depth_strength_controls/image2_black_jacket__bspline_iter100_scale1/geometry_only_reconstruction/learned_geometry_on_original_edit.png
image2_black_jacket,bspline_iter100_scale1,bspline,100.0,1.0,geometry_only_reconstruction,geometry_on_reconstruction_effect,0.7722158432006836,17.29321836543994,0.13656489707318242,0.7359975576400757,/home/interns/Desktop/amit_code/targeted_experiments/geometry_depth_strength_controls/image2_black_jacket__bspline_iter100_scale1/geometry_only_reconstruction/vae_reconstruction_edit.png,/home/interns/Desktop/amit_code/targeted_experiments/geometry_depth_strength_controls/image2_black_jacket__bspline_iter100_scale1/geometry_only_reconstruction/learned_geometry_on_reconstruction_edit.png
image2_black_jacket,bspline_iter100_scale1,bspline,100.0,1.0,geometry_only_reconstruction,geometry_increment_after_delta,0.7722158432006836,17.29321836543994,0.13656489707318242,0.7359975576400757,/home/interns/Desktop/amit_code/targeted_experiments/geometry_depth_strength_controls/image2_black_jacket__bspline_iter100_scale1/geometry_only_reconstruction/learned_delta_only_edit.png,/home/interns/Desktop/amit_code/targeted_experiments/geometry_depth_strength_controls/image2_black_jacket__bspline_iter100_scale1/geometry_only_reconstruction/learned_combined_edit.png
image2_black_jacket,bspline_iter100_scale2,bspline,100.0,2.0,combined,delta_increment_after_reconstruction,0.42876914143562317,9.962754875809424,0.31758666314428335,0.29410696029663086,/home/interns/Desktop/amit_code/targeted_experiments/geometry_depth_strength_controls/image2_black_jacket__bspline_iter100_scale2/combined/vae_reconstruction_edit.png,/home/interns/Desktop/amit_code/targeted_experiments/geometry_depth_strength_controls/image2_black_jacket__bspline_iter100_scale2/combined/learned_delta_only_edit.png
image2_black_jacket,bspline_iter100_scale2,bspline,100.0,2.0,combined,geometry_on_original_effect,0.9826748371124268,39.17885397123944,0.010991508534087245,0.9962578415870667,/home/interns/Desktop/amit_code/targeted_experiments/geometry_depth_strength_controls/image2_black_jacket__bspline_iter100_scale2/clean_edit.png,/home/interns/Desktop/amit_code/targeted_experiments/geometry_depth_strength_controls/image2_black_jacket__bspline_iter100_scale2/combined/learned_geometry_on_original_edit.png
image2_black_jacket,bspline_iter100_scale2,bspline,100.0,2.0,combined,geometry_on_reconstruction_effect,0.9491333961486816,20.26397764044772,0.0970065630961123,0.8602845668792725,/home/interns/Desktop/amit_code/targeted_experiments/geometry_depth_strength_controls/image2_black_jacket__bspline_iter100_scale2/combined/vae_reconstruction_edit.png,/home/interns/Desktop/amit_code/targeted_experiments/geometry_depth_strength_controls/image2_black_jacket__bspline_iter100_scale2/combined/learned_geometry_on_reconstruction_edit.png
image2_black_jacket,bspline_iter100_scale2,bspline,100.0,2.0,combined,geometry_increment_after_delta,0.9902135729789734,35.63177610570985,0.016535266342186345,0.9815462827682495,/home/interns/Desktop/amit_code/targeted_experiments/geometry_depth_strength_controls/image2_black_jacket__bspline_iter100_scale2/combined/learned_delta_only_edit.png,/home/interns/Desktop/amit_code/targeted_experiments/geometry_depth_strength_controls/image2_black_jacket__bspline_iter100_scale2/combined/learned_combined_edit.png
image2_black_jacket,bspline_iter100_scale2,bspline,100.0,2.0,geometry_only_original,delta_increment_after_reconstruction,1.0,,0.0,1.0,/home/interns/Desktop/amit_code/targeted_experiments/geometry_depth_strength_controls/image2_black_jacket__bspline_iter100_scale2/geometry_only_original/vae_reconstruction_edit.png,/home/interns/Desktop/amit_code/targeted_experiments/geometry_depth_strength_controls/image2_black_jacket__bspline_iter100_scale2/geometry_only_original/learned_delta_only_edit.png
image2_black_jacket,bspline_iter100_scale2,bspline,100.0,2.0,geometry_only_original,geometry_on_original_effect,0.8806090950965881,29.258619177136985,0.03444046774932483,0.9113713502883911,/home/interns/Desktop/amit_code/targeted_experiments/geometry_depth_strength_controls/image2_black_jacket__bspline_iter100_scale2/clean_edit.png,/home/interns/Desktop/amit_code/targeted_experiments/geometry_depth_strength_controls/image2_black_jacket__bspline_iter100_scale2/geometry_only_original/learned_geometry_on_original_edit.png
image2_black_jacket,bspline_iter100_scale2,bspline,100.0,2.0,geometry_only_original,geometry_on_reconstruction_effect,0.8789927959442139,18.678641781441133,0.11643080788345717,0.7685015201568604,/home/interns/Desktop/amit_code/targeted_experiments/geometry_depth_strength_controls/image2_black_jacket__bspline_iter100_scale2/geometry_only_original/vae_reconstruction_edit.png,/home/interns/Desktop/amit_code/targeted_experiments/geometry_depth_strength_controls/image2_black_jacket__bspline_iter100_scale2/geometry_only_original/learned_geometry_on_reconstruction_edit.png
image2_black_jacket,bspline_iter100_scale2,bspline,100.0,2.0,geometry_only_original,geometry_increment_after_delta,0.8789927959442139,18.678641781441133,0.11643080788345717,0.7685015201568604,/home/interns/Desktop/amit_code/targeted_experiments/geometry_depth_strength_controls/image2_black_jacket__bspline_iter100_scale2/geometry_only_original/learned_delta_only_edit.png,/home/interns/Desktop/amit_code/targeted_experiments/geometry_depth_strength_controls/image2_black_jacket__bspline_iter100_scale2/geometry_only_original/learned_combined_edit.png
image2_black_jacket,bspline_iter100_scale2,bspline,100.0,2.0,geometry_only_reconstruction,delta_increment_after_reconstruction,1.0,,0.0,1.0,/home/interns/Desktop/amit_code/targeted_experiments/geometry_depth_strength_controls/image2_black_jacket__bspline_iter100_scale2/geometry_only_reconstruction/vae_reconstruction_edit.png,/home/interns/Desktop/amit_code/targeted_experiments/geometry_depth_strength_controls/image2_black_jacket__bspline_iter100_scale2/geometry_only_reconstruction/learned_delta_only_edit.png
image2_black_jacket,bspline_iter100_scale2,bspline,100.0,2.0,geometry_only_reconstruction,geometry_on_original_effect,0.9227499961853027,31.67225812063584,0.026084774939747337,0.9609951972961426,/home/interns/Desktop/amit_code/targeted_experiments/geometry_depth_strength_controls/image2_black_jacket__bspline_iter100_scale2/clean_edit.png,/home/interns/Desktop/amit_code/targeted_experiments/geometry_depth_strength_controls/image2_black_jacket__bspline_iter100_scale2/geometry_only_reconstruction/learned_geometry_on_original_edit.png
image2_black_jacket,bspline_iter100_scale2,bspline,100.0,2.0,geometry_only_reconstruction,geometry_on_reconstruction_effect,0.4665392339229584,10.105732327553994,0.3124016964790338,0.3086184859275818,/home/interns/Desktop/amit_code/targeted_experiments/geometry_depth_strength_controls/image2_black_jacket__bspline_iter100_scale2/geometry_only_reconstruction/vae_reconstruction_edit.png,/home/interns/Desktop/amit_code/targeted_experiments/geometry_depth_strength_controls/image2_black_jacket__bspline_iter100_scale2/geometry_only_reconstruction/learned_geometry_on_reconstruction_edit.png
image2_black_jacket,bspline_iter100_scale2,bspline,100.0,2.0,geometry_only_reconstruction,geometry_increment_after_delta,0.4665392339229584,10.105732327553994,0.3124016964790338,0.3086184859275818,/home/interns/Desktop/amit_code/targeted_experiments/geometry_depth_strength_controls/image2_black_jacket__bspline_iter100_scale2/geometry_only_reconstruction/learned_delta_only_edit.png,/home/interns/Desktop/amit_code/targeted_experiments/geometry_depth_strength_controls/image2_black_jacket__bspline_iter100_scale2/geometry_only_reconstruction/learned_combined_edit.png
image2_black_jacket,diffgeom_iter50_scale05,diffgeom,50.0,0.5,geometry_only_original,delta_increment_after_reconstruction,1.0,,0.0,1.0,/home/interns/Desktop/amit_code/targeted_experiments/geometry_depth_strength_controls/image2_black_jacket__diffgeom_iter50_scale05/geometry_only_original/vae_reconstruction_edit.png,/home/interns/Desktop/amit_code/targeted_experiments/geometry_depth_strength_controls/image2_black_jacket__diffgeom_iter50_scale05/geometry_only_original/learned_delta_only_edit.png
image2_black_jacket,diffgeom_iter50_scale05,diffgeom,50.0,0.5,geometry_only_original,geometry_on_original_effect,0.7739410996437073,24.283705784813353,0.06106814256031112,0.8316121697425842,/home/interns/Desktop/amit_code/targeted_experiments/geometry_depth_strength_controls/image2_black_jacket__diffgeom_iter50_scale05/clean_edit.png,/home/interns/Desktop/amit_code/targeted_experiments/geometry_depth_strength_controls/image2_black_jacket__diffgeom_iter50_scale05/geometry_only_original/learned_geometry_on_original_edit.png
image2_black_jacket,diffgeom_iter50_scale05,diffgeom,50.0,0.5,geometry_only_original,geometry_on_reconstruction_effect,0.7731806635856628,18.299591310916945,0.12162432260608907,0.8250032663345337,/home/interns/Desktop/amit_code/targeted_experiments/geometry_depth_strength_controls/image2_black_jacket__diffgeom_iter50_scale05/geometry_only_original/vae_reconstruction_edit.png,/home/interns/Desktop/amit_code/targeted_experiments/geometry_depth_strength_controls/image2_black_jacket__diffgeom_iter50_scale05/geometry_only_original/learned_geometry_on_reconstruction_edit.png
image2_black_jacket,diffgeom_iter50_scale05,diffgeom,50.0,0.5,geometry_only_original,geometry_increment_after_delta,0.7731806635856628,18.299591310916945,0.12162432260608907,0.8250032663345337,/home/interns/Desktop/amit_code/targeted_experiments/geometry_depth_strength_controls/image2_black_jacket__diffgeom_iter50_scale05/geometry_only_original/learned_delta_only_edit.png,/home/interns/Desktop/amit_code/targeted_experiments/geometry_depth_strength_controls/image2_black_jacket__diffgeom_iter50_scale05/geometry_only_original/learned_combined_edit.png
image2_black_jacket,diffgeom_iter50_scale05,diffgeom,50.0,0.5,geometry_only_reconstruction,delta_increment_after_reconstruction,1.0,,0.0,1.0,/home/interns/Desktop/amit_code/targeted_experiments/geometry_depth_strength_controls/image2_black_jacket__diffgeom_iter50_scale05/geometry_only_reconstruction/vae_reconstruction_edit.png,/home/interns/Desktop/amit_code/targeted_experiments/geometry_depth_strength_controls/image2_black_jacket__diffgeom_iter50_scale05/geometry_only_reconstruction/learned_delta_only_edit.png
image2_black_jacket,diffgeom_iter50_scale05,diffgeom,50.0,0.5,geometry_only_reconstruction,geometry_on_original_effect,0.8167417645454407,26.184922894854175,0.049062972351248395,0.8234291672706604,/home/interns/Desktop/amit_code/targeted_experiments/geometry_depth_strength_controls/image2_black_jacket__diffgeom_iter50_scale05/clean_edit.png,/home/interns/Desktop/amit_code/targeted_experiments/geometry_depth_strength_controls/image2_black_jacket__diffgeom_iter50_scale05/geometry_only_reconstruction/learned_geometry_on_original_edit.png
image2_black_jacket,diffgeom_iter50_scale05,diffgeom,50.0,0.5,geometry_only_reconstruction,geometry_on_reconstruction_effect,0.6124983429908752,14.915628209833704,0.17956371812244604,0.602279543876648,/home/interns/Desktop/amit_code/targeted_experiments/geometry_depth_strength_controls/image2_black_jacket__diffgeom_iter50_scale05/geometry_only_reconstruction/vae_reconstruction_edit.png,/home/interns/Desktop/amit_code/targeted_experiments/geometry_depth_strength_controls/image2_black_jacket__diffgeom_iter50_scale05/geometry_only_reconstruction/learned_geometry_on_reconstruction_edit.png
image2_black_jacket,diffgeom_iter50_scale05,diffgeom,50.0,0.5,geometry_only_reconstruction,geometry_increment_after_delta,0.6124983429908752,14.915628209833704,0.17956371812244604,0.602279543876648,/home/interns/Desktop/amit_code/targeted_experiments/geometry_depth_strength_controls/image2_black_jacket__diffgeom_iter50_scale05/geometry_only_reconstruction/learned_delta_only_edit.png,/home/interns/Desktop/amit_code/targeted_experiments/geometry_depth_strength_controls/image2_black_jacket__diffgeom_iter50_scale05/geometry_only_reconstruction/learned_combined_edit.png
image2_black_jacket,rolling_iter100_scale1,rolling,100.0,1.0,geometry_only_original,delta_increment_after_reconstruction,1.0,,0.0,1.0,/home/interns/Desktop/amit_code/targeted_experiments/geometry_depth_strength_controls/image2_black_jacket__rolling_iter100_scale1/geometry_only_original/vae_reconstruction_edit.png,/home/interns/Desktop/amit_code/targeted_experiments/geometry_depth_strength_controls/image2_black_jacket__rolling_iter100_scale1/geometry_only_original/learned_delta_only_edit.png
image2_black_jacket,rolling_iter100_scale1,rolling,100.0,1.0,geometry_only_original,geometry_on_original_effect,0.9588673114776611,34.599595558602644,0.018621738431130564,0.9892768859863281,/home/interns/Desktop/amit_code/targeted_experiments/geometry_depth_strength_controls/image2_black_jacket__rolling_iter100_scale1/clean_edit.png,/home/interns/Desktop/amit_code/targeted_experiments/geometry_depth_strength_controls/image2_black_jacket__rolling_iter100_scale1/geometry_only_original/learned_geometry_on_original_edit.png
image2_black_jacket,rolling_iter100_scale1,rolling,100.0,1.0,geometry_only_original,geometry_on_reconstruction_effect,0.9729284644126892,31.83880146829808,0.025589389604542837,0.9529613852500916,/home/interns/Desktop/amit_code/targeted_experiments/geometry_depth_strength_controls/image2_black_jacket__rolling_iter100_scale1/geometry_only_original/vae_reconstruction_edit.png,/home/interns/Desktop/amit_code/targeted_experiments/geometry_depth_strength_controls/image2_black_jacket__rolling_iter100_scale1/geometry_only_original/learned_geometry_on_reconstruction_edit.png
image2_black_jacket,rolling_iter100_scale1,rolling,100.0,1.0,geometry_only_original,geometry_increment_after_delta,0.9729284644126892,31.83880146829808,0.025589389604542837,0.9529613852500916,/home/interns/Desktop/amit_code/targeted_experiments/geometry_depth_strength_controls/image2_black_jacket__rolling_iter100_scale1/geometry_only_original/learned_delta_only_edit.png,/home/interns/Desktop/amit_code/targeted_experiments/geometry_depth_strength_controls/image2_black_jacket__rolling_iter100_scale1/geometry_only_original/learned_combined_edit.png
image2_black_jacket,rolling_iter100_scale1,rolling,100.0,1.0,geometry_only_reconstruction,delta_increment_after_reconstruction,1.0,,0.0,1.0,/home/interns/Desktop/amit_code/targeted_experiments/geometry_depth_strength_controls/image2_black_jacket__rolling_iter100_scale1/geometry_only_reconstruction/vae_reconstruction_edit.png,/home/interns/Desktop/amit_code/targeted_experiments/geometry_depth_strength_controls/image2_black_jacket__rolling_iter100_scale1/geometry_only_reconstruction/learned_delta_only_edit.png
image2_black_jacket,rolling_iter100_scale1,rolling,100.0,1.0,geometry_only_reconstruction,geometry_on_original_effect,0.9198746085166931,29.028228467007004,0.03536621450044708,0.9700611233711243,/home/interns/Desktop/amit_code/targeted_experiments/geometry_depth_strength_controls/image2_black_jacket__rolling_iter100_scale1/clean_edit.png,/home/interns/Desktop/amit_code/targeted_experiments/geometry_depth_strength_controls/image2_black_jacket__rolling_iter100_scale1/geometry_only_reconstruction/learned_geometry_on_original_edit.png
image2_black_jacket,rolling_iter100_scale1,rolling,100.0,1.0,geometry_only_reconstruction,geometry_on_reconstruction_effect,0.4640873372554779,10.032065837394002,0.3150624951743058,0.3499895930290222,/home/interns/Desktop/amit_code/targeted_experiments/geometry_depth_strength_controls/image2_black_jacket__rolling_iter100_scale1/geometry_only_reconstruction/vae_reconstruction_edit.png,/home/interns/Desktop/amit_code/targeted_experiments/geometry_depth_strength_controls/image2_black_jacket__rolling_iter100_scale1/geometry_only_reconstruction/learned_geometry_on_reconstruction_edit.png
image2_black_jacket,rolling_iter100_scale1,rolling,100.0,1.0,geometry_only_reconstruction,geometry_increment_after_delta,0.4640873372554779,10.032065837394002,0.3150624951743058,0.3499895930290222,/home/interns/Desktop/amit_code/targeted_experiments/geometry_depth_strength_controls/image2_black_jacket__rolling_iter100_scale1/geometry_only_reconstruction/learned_delta_only_edit.png,/home/interns/Desktop/amit_code/targeted_experiments/geometry_depth_strength_controls/image2_black_jacket__rolling_iter100_scale1/geometry_only_reconstruction/learned_combined_edit.png
image4_red_scarf,all_iter50_scale05,all,50.0,0.5,combined,delta_increment_after_reconstruction,0.813251256942749,25.987417922040947,0.050191376212627134,-0.23658329248428345,/home/interns/Desktop/amit_code/targeted_experiments/geometry_depth_strength_controls/image4_red_scarf__all_iter50_scale05/combined/vae_reconstruction_edit.png,/home/interns/Desktop/amit_code/targeted_experiments/geometry_depth_strength_controls/image4_red_scarf__all_iter50_scale05/combined/learned_delta_only_edit.png
image4_red_scarf,all_iter50_scale05,all,50.0,0.5,combined,geometry_on_original_effect,0.9389491677284241,34.235565511547385,0.019418770291971543,0.9796473979949951,/home/interns/Desktop/amit_code/targeted_experiments/geometry_depth_strength_controls/image4_red_scarf__all_iter50_scale05/clean_edit.png,/home/interns/Desktop/amit_code/targeted_experiments/geometry_depth_strength_controls/image4_red_scarf__all_iter50_scale05/combined/learned_geometry_on_original_edit.png
image4_red_scarf,all_iter50_scale05,all,50.0,0.5,combined,geometry_on_reconstruction_effect,0.9750266671180725,37.25800960474392,0.013711959434494252,0.989829421043396,/home/interns/Desktop/amit_code/targeted_experiments/geometry_depth_strength_controls/image4_red_scarf__all_iter50_scale05/combined/vae_reconstruction_edit.png,/home/interns/Desktop/amit_code/targeted_experiments/geometry_depth_strength_controls/image4_red_scarf__all_iter50_scale05/combined/learned_geometry_on_reconstruction_edit.png
image4_red_scarf,all_iter50_scale05,all,50.0,0.5,combined,geometry_increment_after_delta,0.9795385003089905,37.36071320254271,0.013550781416700564,0.9917724132537842,/home/interns/Desktop/amit_code/targeted_experiments/geometry_depth_strength_controls/image4_red_scarf__all_iter50_scale05/combined/learned_delta_only_edit.png,/home/interns/Desktop/amit_code/targeted_experiments/geometry_depth_strength_controls/image4_red_scarf__all_iter50_scale05/combined/learned_combined_edit.png
image4_red_scarf,all_iter50_scale05,all,50.0,0.5,geometry_only_original,delta_increment_after_reconstruction,1.0,,0.0,1.0000001192092896,/home/interns/Desktop/amit_code/targeted_experiments/geometry_depth_strength_controls/image4_red_scarf__all_iter50_scale05/geometry_only_original/vae_reconstruction_edit.png,/home/interns/Desktop/amit_code/targeted_experiments/geometry_depth_strength_controls/image4_red_scarf__all_iter50_scale05/geometry_only_original/learned_delta_only_edit.png
image4_red_scarf,all_iter50_scale05,all,50.0,0.5,geometry_only_original,geometry_on_original_effect,0.7222365736961365,22.14530057668293,0.07811509606050726,0.40217193961143494,/home/interns/Desktop/amit_code/targeted_experiments/geometry_depth_strength_controls/image4_red_scarf__all_iter50_scale05/clean_edit.png,/home/interns/Desktop/amit_code/targeted_experiments/geometry_depth_strength_controls/image4_red_scarf__all_iter50_scale05/geometry_only_original/learned_geometry_on_original_edit.png
image4_red_scarf,all_iter50_scale05,all,50.0,0.5,geometry_only_original,geometry_on_reconstruction_effect,0.7340918183326721,22.077834942052665,0.07872419943674266,0.3707563579082489,/home/interns/Desktop/amit_code/targeted_experiments/geometry_depth_strength_controls/image4_red_scarf__all_iter50_scale05/geometry_only_original/vae_reconstruction_edit.png,/home/interns/Desktop/amit_code/targeted_experiments/geometry_depth_strength_controls/image4_red_scarf__all_iter50_scale05/geometry_only_original/learned_geometry_on_reconstruction_edit.png
image4_red_scarf,all_iter50_scale05,all,50.0,0.5,geometry_only_original,geometry_increment_after_delta,0.7340918183326721,22.077834942052665,0.07872419943674266,0.3707563579082489,/home/interns/Desktop/amit_code/targeted_experiments/geometry_depth_strength_controls/image4_red_scarf__all_iter50_scale05/geometry_only_original/learned_delta_only_edit.png,/home/interns/Desktop/amit_code/targeted_experiments/geometry_depth_strength_controls/image4_red_scarf__all_iter50_scale05/geometry_only_original/learned_combined_edit.png
image4_red_scarf,all_iter50_scale05,all,50.0,0.5,geometry_only_reconstruction,delta_increment_after_reconstruction,1.0,,0.0,1.0000001192092896,/home/interns/Desktop/amit_code/targeted_experiments/geometry_depth_strength_controls/image4_red_scarf__all_iter50_scale05/geometry_only_reconstruction/vae_reconstruction_edit.png,/home/interns/Desktop/amit_code/targeted_experiments/geometry_depth_strength_controls/image4_red_scarf__all_iter50_scale05/geometry_only_reconstruction/learned_delta_only_edit.png
image4_red_scarf,all_iter50_scale05,all,50.0,0.5,geometry_only_reconstruction,geometry_on_original_effect,0.8212111592292786,25.640371039079106,0.05223738740412879,0.863918662071228,/home/interns/Desktop/amit_code/targeted_experiments/geometry_depth_strength_controls/image4_red_scarf__all_iter50_scale05/clean_edit.png,/home/interns/Desktop/amit_code/targeted_experiments/geometry_depth_strength_controls/image4_red_scarf__all_iter50_scale05/geometry_only_reconstruction/learned_geometry_on_original_edit.png
image4_red_scarf,all_iter50_scale05,all,50.0,0.5,geometry_only_reconstruction,geometry_on_reconstruction_effect,0.8571786284446716,26.072473835676774,0.04970227960759805,0.8667153120040894,/home/interns/Desktop/amit_code/targeted_experiments/geometry_depth_strength_controls/image4_red_scarf__all_iter50_scale05/geometry_only_reconstruction/vae_reconstruction_edit.png,/home/interns/Desktop/amit_code/targeted_experiments/geometry_depth_strength_controls/image4_red_scarf__all_iter50_scale05/geometry_only_reconstruction/learned_geometry_on_reconstruction_edit.png
image4_red_scarf,all_iter50_scale05,all,50.0,0.5,geometry_only_reconstruction,geometry_increment_after_delta,0.8571786284446716,26.072473835676774,0.04970227960759805,0.8667153120040894,/home/interns/Desktop/amit_code/targeted_experiments/geometry_depth_strength_controls/image4_red_scarf__all_iter50_scale05/geometry_only_reconstruction/learned_delta_only_edit.png,/home/interns/Desktop/amit_code/targeted_experiments/geometry_depth_strength_controls/image4_red_scarf__all_iter50_scale05/geometry_only_reconstruction/learned_combined_edit.png
image4_red_scarf,bspline_iter100_scale1,bspline,100.0,1.0,combined,delta_increment_after_reconstruction,0.7910910248756409,24.85846196771228,0.05715798387887873,-0.36098724603652954,/home/interns/Desktop/amit_code/targeted_experiments/geometry_depth_strength_controls/image4_red_scarf__bspline_iter100_scale1/combined/vae_reconstruction_edit.png,/home/interns/Desktop/amit_code/targeted_experiments/geometry_depth_strength_controls/image4_red_scarf__bspline_iter100_scale1/combined/learned_delta_only_edit.png
image4_red_scarf,bspline_iter100_scale1,bspline,100.0,1.0,combined,geometry_on_original_effect,0.9822835922241211,41.62093620496777,0.008297613272180974,0.9940646886825562,/home/interns/Desktop/amit_code/targeted_experiments/geometry_depth_strength_controls/image4_red_scarf__bspline_iter100_scale1/clean_edit.png,/home/interns/Desktop/amit_code/targeted_experiments/geometry_depth_strength_controls/image4_red_scarf__bspline_iter100_scale1/combined/learned_geometry_on_original_edit.png
image4_red_scarf,bspline_iter100_scale1,bspline,100.0,1.0,combined,geometry_on_reconstruction_effect,0.9977808594703674,50.63591484605635,0.002939031614443718,0.9993405342102051,/home/interns/Desktop/amit_code/targeted_experiments/geometry_depth_strength_controls/image4_red_scarf__bspline_iter100_scale1/combined/vae_reconstruction_edit.png,/home/interns/Desktop/amit_code/targeted_experiments/geometry_depth_strength_controls/image4_red_scarf__bspline_iter100_scale1/combined/learned_geometry_on_reconstruction_edit.png
image4_red_scarf,bspline_iter100_scale1,bspline,100.0,1.0,combined,geometry_increment_after_delta,0.9907419085502625,36.20365334761898,0.015481653124908146,0.9817290306091309,/home/interns/Desktop/amit_code/targeted_experiments/geometry_depth_strength_controls/image4_red_scarf__bspline_iter100_scale1/combined/learned_delta_only_edit.png,/home/interns/Desktop/amit_code/targeted_experiments/geometry_depth_strength_controls/image4_red_scarf__bspline_iter100_scale1/combined/learned_combined_edit.png
image4_red_scarf,bspline_iter100_scale1,bspline,100.0,1.0,geometry_only_original,delta_increment_after_reconstruction,1.0,,0.0,1.0000001192092896,/home/interns/Desktop/amit_code/targeted_experiments/geometry_depth_strength_controls/image4_red_scarf__bspline_iter100_scale1/geometry_only_original/vae_reconstruction_edit.png,/home/interns/Desktop/amit_code/targeted_experiments/geometry_depth_strength_controls/image4_red_scarf__bspline_iter100_scale1/geometry_only_original/learned_delta_only_edit.png
image4_red_scarf,bspline_iter100_scale1,bspline,100.0,1.0,geometry_only_original,geometry_on_original_effect,0.9050255417823792,30.922955018424496,0.02843493560577073,0.9397356510162354,/home/interns/Desktop/amit_code/targeted_experiments/geometry_depth_strength_controls/image4_red_scarf__bspline_iter100_scale1/clean_edit.png,/home/interns/Desktop/amit_code/targeted_experiments/geometry_depth_strength_controls/image4_red_scarf__bspline_iter100_scale1/geometry_only_original/learned_geometry_on_original_edit.png
image4_red_scarf,bspline_iter100_scale1,bspline,100.0,1.0,geometry_only_original,geometry_on_reconstruction_effect,0.9472902417182922,32.61890243320667,0.02339132797593391,0.943718433380127,/home/interns/Desktop/amit_code/targeted_experiments/geometry_depth_strength_controls/image4_red_scarf__bspline_iter100_scale1/geometry_only_original/vae_reconstruction_edit.png,/home/interns/Desktop/amit_code/targeted_experiments/geometry_depth_strength_controls/image4_red_scarf__bspline_iter100_scale1/geometry_only_original/learned_geometry_on_reconstruction_edit.png
image4_red_scarf,bspline_iter100_scale1,bspline,100.0,1.0,geometry_only_original,geometry_increment_after_delta,0.9472902417182922,32.61890243320667,0.02339132797593391,0.943718433380127,/home/interns/Desktop/amit_code/targeted_experiments/geometry_depth_strength_controls/image4_red_scarf__bspline_iter100_scale1/geometry_only_original/learned_delta_only_edit.png,/home/interns/Desktop/amit_code/targeted_experiments/geometry_depth_strength_controls/image4_red_scarf__bspline_iter100_scale1/geometry_only_original/learned_combined_edit.png
image4_red_scarf,bspline_iter100_scale1,bspline,100.0,1.0,geometry_only_reconstruction,delta_increment_after_reconstruction,1.0,,0.0,1.0000001192092896,/home/interns/Desktop/amit_code/targeted_experiments/geometry_depth_strength_controls/image4_red_scarf__bspline_iter100_scale1/geometry_only_reconstruction/vae_reconstruction_edit.png,/home/interns/Desktop/amit_code/targeted_experiments/geometry_depth_strength_controls/image4_red_scarf__bspline_iter100_scale1/geometry_only_reconstruction/learned_delta_only_edit.png
image4_red_scarf,bspline_iter100_scale1,bspline,100.0,1.0,geometry_only_reconstruction,geometry_on_original_effect,0.9416208863258362,34.139887046948346,0.019633858089330426,0.9753596186637878,/home/interns/Desktop/amit_code/targeted_experiments/geometry_depth_strength_controls/image4_red_scarf__bspline_iter100_scale1/clean_edit.png,/home/interns/Desktop/amit_code/targeted_experiments/geometry_depth_strength_controls/image4_red_scarf__bspline_iter100_scale1/geometry_only_reconstruction/learned_geometry_on_original_edit.png
image4_red_scarf,bspline_iter100_scale1,bspline,100.0,1.0,geometry_only_reconstruction,geometry_on_reconstruction_effect,0.9732115864753723,36.45522225184298,0.015039690096721311,0.9845778346061707,/home/interns/Desktop/amit_code/targeted_experiments/geometry_depth_strength_controls/image4_red_scarf__bspline_iter100_scale1/geometry_only_reconstruction/vae_reconstruction_edit.png,/home/interns/Desktop/amit_code/targeted_experiments/geometry_depth_strength_controls/image4_red_scarf__bspline_iter100_scale1/geometry_only_reconstruction/learned_geometry_on_reconstruction_edit.png
image4_red_scarf,bspline_iter100_scale1,bspline,100.0,1.0,geometry_only_reconstruction,geometry_increment_after_delta,0.9732115864753723,36.45522225184298,0.015039690096721311,0.9845778346061707,/home/interns/Desktop/amit_code/targeted_experiments/geometry_depth_strength_controls/image4_red_scarf__bspline_iter100_scale1/geometry_only_reconstruction/learned_delta_only_edit.png,/home/interns/Desktop/amit_code/targeted_experiments/geometry_depth_strength_controls/image4_red_scarf__bspline_iter100_scale1/geometry_only_reconstruction/learned_combined_edit.png
image4_red_scarf,bspline_iter100_scale2,bspline,100.0,2.0,combined,delta_increment_after_reconstruction,0.7885650992393494,24.666566201848326,0.058434817216230006,-0.3820269703865051,/home/interns/Desktop/amit_code/targeted_experiments/geometry_depth_strength_controls/image4_red_scarf__bspline_iter100_scale2/combined/vae_reconstruction_edit.png,/home/interns/Desktop/amit_code/targeted_experiments/geometry_depth_strength_controls/image4_red_scarf__bspline_iter100_scale2/combined/learned_delta_only_edit.png
image4_red_scarf,bspline_iter100_scale2,bspline,100.0,2.0,combined,geometry_on_original_effect,0.9833464026451111,41.902314141735026,0.008033120709221858,0.9927248358726501,/home/interns/Desktop/amit_code/targeted_experiments/geometry_depth_strength_controls/image4_red_scarf__bspline_iter100_scale2/clean_edit.png,/home/interns/Desktop/amit_code/targeted_experiments/geometry_depth_strength_controls/image4_red_scarf__bspline_iter100_scale2/combined/learned_geometry_on_original_edit.png
image4_red_scarf,bspline_iter100_scale2,bspline,100.0,2.0,combined,geometry_on_reconstruction_effect,0.9971315264701843,49.899618819632494,0.0031990354963208,0.9988018274307251,/home/interns/Desktop/amit_code/targeted_experiments/geometry_depth_strength_controls/image4_red_scarf__bspline_iter100_scale2/combined/vae_reconstruction_edit.png,/home/interns/Desktop/amit_code/targeted_experiments/geometry_depth_strength_controls/image4_red_scarf__bspline_iter100_scale2/combined/learned_geometry_on_reconstruction_edit.png
image4_red_scarf,bspline_iter100_scale2,bspline,100.0,2.0,combined,geometry_increment_after_delta,0.9976515173912048,50.48061884626038,0.0029920514534003675,0.9984888434410095,/home/interns/Desktop/amit_code/targeted_experiments/geometry_depth_strength_controls/image4_red_scarf__bspline_iter100_scale2/combined/learned_delta_only_edit.png,/home/interns/Desktop/amit_code/targeted_experiments/geometry_depth_strength_controls/image4_red_scarf__bspline_iter100_scale2/combined/learned_combined_edit.png
image4_red_scarf,bspline_iter100_scale2,bspline,100.0,2.0,geometry_only_original,delta_increment_after_reconstruction,1.0,,0.0,1.0000001192092896,/home/interns/Desktop/amit_code/targeted_experiments/geometry_depth_strength_controls/image4_red_scarf__bspline_iter100_scale2/geometry_only_original/vae_reconstruction_edit.png,/home/interns/Desktop/amit_code/targeted_experiments/geometry_depth_strength_controls/image4_red_scarf__bspline_iter100_scale2/geometry_only_original/learned_delta_only_edit.png
image4_red_scarf,bspline_iter100_scale2,bspline,100.0,2.0,geometry_only_original,geometry_on_original_effect,0.8957108855247498,30.087525612819583,0.03130572164263495,0.9258818626403809,/home/interns/Desktop/amit_code/targeted_experiments/geometry_depth_strength_controls/image4_red_scarf__bspline_iter100_scale2/clean_edit.png,/home/interns/Desktop/amit_code/targeted_experiments/geometry_depth_strength_controls/image4_red_scarf__bspline_iter100_scale2/geometry_only_original/learned_geometry_on_original_edit.png
image4_red_scarf,bspline_iter100_scale2,bspline,100.0,2.0,geometry_only_original,geometry_on_reconstruction_effect,0.9351245760917664,31.405514142618483,0.026898266545718322,0.9356112480163574,/home/interns/Desktop/amit_code/targeted_experiments/geometry_depth_strength_controls/image4_red_scarf__bspline_iter100_scale2/geometry_only_original/vae_reconstruction_edit.png,/home/interns/Desktop/amit_code/targeted_experiments/geometry_depth_strength_controls/image4_red_scarf__bspline_iter100_scale2/geometry_only_original/learned_geometry_on_reconstruction_edit.png
image4_red_scarf,bspline_iter100_scale2,bspline,100.0,2.0,geometry_only_original,geometry_increment_after_delta,0.9351245760917664,31.405514142618483,0.026898266545718322,0.9356112480163574,/home/interns/Desktop/amit_code/targeted_experiments/geometry_depth_strength_controls/image4_red_scarf__bspline_iter100_scale2/geometry_only_original/learned_delta_only_edit.png,/home/interns/Desktop/amit_code/targeted_experiments/geometry_depth_strength_controls/image4_red_scarf__bspline_iter100_scale2/geometry_only_original/learned_combined_edit.png
image4_red_scarf,bspline_iter100_scale2,bspline,100.0,2.0,geometry_only_reconstruction,delta_increment_after_reconstruction,1.0,,0.0,1.0000001192092896,/home/interns/Desktop/amit_code/targeted_experiments/geometry_depth_strength_controls/image4_red_scarf__bspline_iter100_scale2/geometry_only_reconstruction/vae_reconstruction_edit.png,/home/interns/Desktop/amit_code/targeted_experiments/geometry_depth_strength_controls/image4_red_scarf__bspline_iter100_scale2/geometry_only_reconstruction/learned_delta_only_edit.png
image4_red_scarf,bspline_iter100_scale2,bspline,100.0,2.0,geometry_only_reconstruction,geometry_on_original_effect,0.9196782112121582,32.074983145340184,0.02490295264490739,0.9777154922485352,/home/interns/Desktop/amit_code/targeted_experiments/geometry_depth_strength_controls/image4_red_scarf__bspline_iter100_scale2/clean_edit.png,/home/interns/Desktop/amit_code/targeted_experiments/geometry_depth_strength_controls/image4_red_scarf__bspline_iter100_scale2/geometry_only_reconstruction/learned_geometry_on_original_edit.png
image4_red_scarf,bspline_iter100_scale2,bspline,100.0,2.0,geometry_only_reconstruction,geometry_on_reconstruction_effect,0.9585606455802917,33.97929750062613,0.02000023621460628,0.9759144186973572,/home/interns/Desktop/amit_code/targeted_experiments/geometry_depth_strength_controls/image4_red_scarf__bspline_iter100_scale2/geometry_only_reconstruction/vae_reconstruction_edit.png,/home/interns/Desktop/amit_code/targeted_experiments/geometry_depth_strength_controls/image4_red_scarf__bspline_iter100_scale2/geometry_only_reconstruction/learned_geometry_on_reconstruction_edit.png
image4_red_scarf,bspline_iter100_scale2,bspline,100.0,2.0,geometry_only_reconstruction,geometry_increment_after_delta,0.9585606455802917,33.97929750062613,0.02000023621460628,0.9759144186973572,/home/interns/Desktop/amit_code/targeted_experiments/geometry_depth_strength_controls/image4_red_scarf__bspline_iter100_scale2/geometry_only_reconstruction/learned_delta_only_edit.png,/home/interns/Desktop/amit_code/targeted_experiments/geometry_depth_strength_controls/image4_red_scarf__bspline_iter100_scale2/geometry_only_reconstruction/learned_combined_edit.png
image4_red_scarf,diffgeom_iter50_scale05,diffgeom,50.0,0.5,geometry_only_original,delta_increment_after_reconstruction,1.0,,0.0,1.0000001192092896,/home/interns/Desktop/amit_code/targeted_experiments/geometry_depth_strength_controls/image4_red_scarf__diffgeom_iter50_scale05/geometry_only_original/vae_reconstruction_edit.png,/home/interns/Desktop/amit_code/targeted_experiments/geometry_depth_strength_controls/image4_red_scarf__diffgeom_iter50_scale05/geometry_only_original/learned_delta_only_edit.png
image4_red_scarf,diffgeom_iter50_scale05,diffgeom,50.0,0.5,geometry_only_original,geometry_on_original_effect,0.800087034702301,22.294969489054107,0.07678060423770036,0.6358941197395325,/home/interns/Desktop/amit_code/targeted_experiments/geometry_depth_strength_controls/image4_red_scarf__diffgeom_iter50_scale05/clean_edit.png,/home/interns/Desktop/amit_code/targeted_experiments/geometry_depth_strength_controls/image4_red_scarf__diffgeom_iter50_scale05/geometry_only_original/learned_geometry_on_original_edit.png
image4_red_scarf,diffgeom_iter50_scale05,diffgeom,50.0,0.5,geometry_only_original,geometry_on_reconstruction_effect,0.8261004090309143,22.303864149033753,0.0767020184117897,0.6110955476760864,/home/interns/Desktop/amit_code/targeted_experiments/geometry_depth_strength_controls/image4_red_scarf__diffgeom_iter50_scale05/geometry_only_original/vae_reconstruction_edit.png,/home/interns/Desktop/amit_code/targeted_experiments/geometry_depth_strength_controls/image4_red_scarf__diffgeom_iter50_scale05/geometry_only_original/learned_geometry_on_reconstruction_edit.png
image4_red_scarf,diffgeom_iter50_scale05,diffgeom,50.0,0.5,geometry_only_original,geometry_increment_after_delta,0.8261004090309143,22.303864149033753,0.0767020184117897,0.6110955476760864,/home/interns/Desktop/amit_code/targeted_experiments/geometry_depth_strength_controls/image4_red_scarf__diffgeom_iter50_scale05/geometry_only_original/learned_delta_only_edit.png,/home/interns/Desktop/amit_code/targeted_experiments/geometry_depth_strength_controls/image4_red_scarf__diffgeom_iter50_scale05/geometry_only_original/learned_combined_edit.png
image4_red_scarf,diffgeom_iter50_scale05,diffgeom,50.0,0.5,geometry_only_reconstruction,delta_increment_after_reconstruction,1.0,,0.0,1.0000001192092896,/home/interns/Desktop/amit_code/targeted_experiments/geometry_depth_strength_controls/image4_red_scarf__diffgeom_iter50_scale05/geometry_only_reconstruction/vae_reconstruction_edit.png,/home/interns/Desktop/amit_code/targeted_experiments/geometry_depth_strength_controls/image4_red_scarf__diffgeom_iter50_scale05/geometry_only_reconstruction/learned_delta_only_edit.png
image4_red_scarf,diffgeom_iter50_scale05,diffgeom,50.0,0.5,geometry_only_reconstruction,geometry_on_original_effect,0.8776912689208984,28.16041490462597,0.039082222668313876,0.8979848623275757,/home/interns/Desktop/amit_code/targeted_experiments/geometry_depth_strength_controls/image4_red_scarf__diffgeom_iter50_scale05/clean_edit.png,/home/interns/Desktop/amit_code/targeted_experiments/geometry_depth_strength_controls/image4_red_scarf__diffgeom_iter50_scale05/geometry_only_reconstruction/learned_geometry_on_original_edit.png
image4_red_scarf,diffgeom_iter50_scale05,diffgeom,50.0,0.5,geometry_only_reconstruction,geometry_on_reconstruction_effect,0.9098260998725891,28.64383135251696,0.03696650842626747,0.9009219408035278,/home/interns/Desktop/amit_code/targeted_experiments/geometry_depth_strength_controls/image4_red_scarf__diffgeom_iter50_scale05/geometry_only_reconstruction/vae_reconstruction_edit.png,/home/interns/Desktop/amit_code/targeted_experiments/geometry_depth_strength_controls/image4_red_scarf__diffgeom_iter50_scale05/geometry_only_reconstruction/learned_geometry_on_reconstruction_edit.png
image4_red_scarf,diffgeom_iter50_scale05,diffgeom,50.0,0.5,geometry_only_reconstruction,geometry_increment_after_delta,0.9098260998725891,28.64383135251696,0.03696650842626747,0.9009219408035278,/home/interns/Desktop/amit_code/targeted_experiments/geometry_depth_strength_controls/image4_red_scarf__diffgeom_iter50_scale05/geometry_only_reconstruction/learned_delta_only_edit.png,/home/interns/Desktop/amit_code/targeted_experiments/geometry_depth_strength_controls/image4_red_scarf__diffgeom_iter50_scale05/geometry_only_reconstruction/learned_combined_edit.png
image4_red_scarf,rolling_iter100_scale1,rolling,100.0,1.0,geometry_only_original,delta_increment_after_reconstruction,1.0,,0.0,1.0000001192092896,/home/interns/Desktop/amit_code/targeted_experiments/geometry_depth_strength_controls/image4_red_scarf__rolling_iter100_scale1/geometry_only_original/vae_reconstruction_edit.png,/home/interns/Desktop/amit_code/targeted_experiments/geometry_depth_strength_controls/image4_red_scarf__rolling_iter100_scale1/geometry_only_original/learned_delta_only_edit.png
image4_red_scarf,rolling_iter100_scale1,rolling,100.0,1.0,geometry_only_original,geometry_on_original_effect,0.8963958621025085,26.90235936743564,0.04517332224125765,0.9143370985984802,/home/interns/Desktop/amit_code/targeted_experiments/geometry_depth_strength_controls/image4_red_scarf__rolling_iter100_scale1/clean_edit.png,/home/interns/Desktop/amit_code/targeted_experiments/geometry_depth_strength_controls/image4_red_scarf__rolling_iter100_scale1/geometry_only_original/learned_geometry_on_original_edit.png
image4_red_scarf,rolling_iter100_scale1,rolling,100.0,1.0,geometry_only_original,geometry_on_reconstruction_effect,0.9291415214538574,27.111041739129806,0.04410094676335488,0.9282397627830505,/home/interns/Desktop/amit_code/targeted_experiments/geometry_depth_strength_controls/image4_red_scarf__rolling_iter100_scale1/geometry_only_original/vae_reconstruction_edit.png,/home/interns/Desktop/amit_code/targeted_experiments/geometry_depth_strength_controls/image4_red_scarf__rolling_iter100_scale1/geometry_only_original/learned_geometry_on_reconstruction_edit.png
image4_red_scarf,rolling_iter100_scale1,rolling,100.0,1.0,geometry_only_original,geometry_increment_after_delta,0.9291415214538574,27.111041739129806,0.04410094676335488,0.9282397627830505,/home/interns/Desktop/amit_code/targeted_experiments/geometry_depth_strength_controls/image4_red_scarf__rolling_iter100_scale1/geometry_only_original/learned_delta_only_edit.png,/home/interns/Desktop/amit_code/targeted_experiments/geometry_depth_strength_controls/image4_red_scarf__rolling_iter100_scale1/geometry_only_original/learned_combined_edit.png
image4_red_scarf,rolling_iter100_scale1,rolling,100.0,1.0,geometry_only_reconstruction,delta_increment_after_reconstruction,1.0,,0.0,1.0000001192092896,/home/interns/Desktop/amit_code/targeted_experiments/geometry_depth_strength_controls/image4_red_scarf__rolling_iter100_scale1/geometry_only_reconstruction/vae_reconstruction_edit.png,/home/interns/Desktop/amit_code/targeted_experiments/geometry_depth_strength_controls/image4_red_scarf__rolling_iter100_scale1/geometry_only_reconstruction/learned_delta_only_edit.png
image4_red_scarf,rolling_iter100_scale1,rolling,100.0,1.0,geometry_only_reconstruction,geometry_on_original_effect,0.9590856432914734,33.89092605878186,0.02020476004514709,0.9918855428695679,/home/interns/Desktop/amit_code/targeted_experiments/geometry_depth_strength_controls/image4_red_scarf__rolling_iter100_scale1/clean_edit.png,/home/interns/Desktop/amit_code/targeted_experiments/geometry_depth_strength_controls/image4_red_scarf__rolling_iter100_scale1/geometry_only_reconstruction/learned_geometry_on_original_edit.png
image4_red_scarf,rolling_iter100_scale1,rolling,100.0,1.0,geometry_only_reconstruction,geometry_on_reconstruction_effect,0.9793038964271545,34.88157475495976,0.018026908827161046,0.9925888776779175,/home/interns/Desktop/amit_code/targeted_experiments/geometry_depth_strength_controls/image4_red_scarf__rolling_iter100_scale1/geometry_only_reconstruction/vae_reconstruction_edit.png,/home/interns/Desktop/amit_code/targeted_experiments/geometry_depth_strength_controls/image4_red_scarf__rolling_iter100_scale1/geometry_only_reconstruction/learned_geometry_on_reconstruction_edit.png
image4_red_scarf,rolling_iter100_scale1,rolling,100.0,1.0,geometry_only_reconstruction,geometry_increment_after_delta,0.9793038964271545,34.88157475495976,0.018026908827161046,0.9925888776779175,/home/interns/Desktop/amit_code/targeted_experiments/geometry_depth_strength_controls/image4_red_scarf__rolling_iter100_scale1/geometry_only_reconstruction/learned_delta_only_edit.png,/home/interns/Desktop/amit_code/targeted_experiments/geometry_depth_strength_controls/image4_red_scarf__rolling_iter100_scale1/geometry_only_reconstruction/learned_combined_edit.png
