case,face_id,prompt,run,kind,warp_type,warp_components,mode,stage,input_ssim,input_psnr,output_ssim_vs_clean,output_psnr_vs_clean,output_l2_vs_clean,arcface_clean_vs_stage_edit,arcface_original_vs_stage_input,stage_path,edit_path
image2_black_jacket,image_2,Add a black jacket,combined_all,combined,all,bspline+polar+bezier+lens+mobius+laplacian+geodesic+diffgeom+delaunay+tps+rolling+fft+homography,combined,learned_combined,0.771787703037262,26.478323313406076,0.7626321911811829,23.96883892081275,0.0633225001887367,0.22058676183223724,-0.3205556273460388,/home/interns/Desktop/amit_code/targeted_experiments/geometry_family_attribution/image2_black_jacket/combined_all/combined/learned_combined.png,/home/interns/Desktop/amit_code/targeted_experiments/geometry_family_attribution/image2_black_jacket/combined_all/combined/learned_combined_edit.png
image2_black_jacket,image_2,Add a black jacket,combined_all,combined,all,bspline+polar+bezier+lens+mobius+laplacian+geodesic+diffgeom+delaunay+tps+rolling+fft+homography,combined,learned_delta_only,0.8052396774291992,28.46345739017782,0.695558488368988,13.95088233941449,0.20065772453696673,0.1834907829761505,-0.09506452828645706,/home/interns/Desktop/amit_code/targeted_experiments/geometry_family_attribution/image2_black_jacket/combined_all/combined/learned_delta_only.png,/home/interns/Desktop/amit_code/targeted_experiments/geometry_family_attribution/image2_black_jacket/combined_all/combined/learned_delta_only_edit.png
image2_black_jacket,image_2,Add a black jacket,combined_all,combined,all,bspline+polar+bezier+lens+mobius+laplacian+geodesic+diffgeom+delaunay+tps+rolling+fft+homography,combined,learned_geometry_on_original,0.8344817161560059,28.652397048578603,0.7771934866905212,24.706593075255967,0.05816615365754518,0.7526919841766357,0.8649280071258545,/home/interns/Desktop/amit_code/targeted_experiments/geometry_family_attribution/image2_black_jacket/combined_all/combined/learned_geometry_on_original.png,/home/interns/Desktop/amit_code/targeted_experiments/geometry_family_attribution/image2_black_jacket/combined_all/combined/learned_geometry_on_original_edit.png
image2_black_jacket,image_2,Add a black jacket,combined_all,combined,all,bspline+polar+bezier+lens+mobius+laplacian+geodesic+diffgeom+delaunay+tps+rolling+fft+homography,combined,learned_geometry_on_reconstruction,0.7895987629890442,27.69708427620155,0.8072760701179504,25.372401593167147,0.05387408663598892,0.7945618629455566,0.8448169231414795,/home/interns/Desktop/amit_code/targeted_experiments/geometry_family_attribution/image2_black_jacket/combined_all/combined/learned_geometry_on_reconstruction.png,/home/interns/Desktop/amit_code/targeted_experiments/geometry_family_attribution/image2_black_jacket/combined_all/combined/learned_geometry_on_reconstruction_edit.png
image2_black_jacket,image_2,Add a black jacket,combined_bspline,combined,bspline,bspline,combined,learned_combined,0.8020296692848206,28.517570380004734,0.4631277024745941,10.750913227039739,0.29003762395739635,0.3555520176887512,-0.2612450122833252,/home/interns/Desktop/amit_code/targeted_experiments/geometry_family_attribution/image2_black_jacket/combined_bspline/combined/learned_combined.png,/home/interns/Desktop/amit_code/targeted_experiments/geometry_family_attribution/image2_black_jacket/combined_bspline/combined/learned_combined_edit.png
image2_black_jacket,image_2,Add a black jacket,combined_bspline,combined,bspline,bspline,combined,learned_delta_only,0.7992380261421204,28.46748556030284,0.42040297389030457,8.987534960669068,0.3553229441655285,0.29921647906303406,-0.26080548763275146,/home/interns/Desktop/amit_code/targeted_experiments/geometry_family_attribution/image2_black_jacket/combined_bspline/combined/learned_delta_only.png,/home/interns/Desktop/amit_code/targeted_experiments/geometry_family_attribution/image2_black_jacket/combined_bspline/combined/learned_delta_only_edit.png
image2_black_jacket,image_2,Add a black jacket,combined_bspline,combined,bspline,bspline,combined,learned_geometry_on_original,0.9977640509605408,50.51467586841944,0.980189323425293,38.15126032618907,0.012371916598877344,0.9938791990280151,0.9996607303619385,/home/interns/Desktop/amit_code/targeted_experiments/geometry_family_attribution/image2_black_jacket/combined_bspline/combined/learned_geometry_on_original.png,/home/interns/Desktop/amit_code/targeted_experiments/geometry_family_attribution/image2_black_jacket/combined_bspline/combined/learned_geometry_on_original_edit.png
image2_black_jacket,image_2,Add a black jacket,combined_bspline,combined,bspline,bspline,combined,learned_geometry_on_reconstruction,0.8260517120361328,30.563943945919412,0.9332860112190247,26.91067668629184,0.04513008647508966,0.9764295220375061,0.9437620639801025,/home/interns/Desktop/amit_code/targeted_experiments/geometry_family_attribution/image2_black_jacket/combined_bspline/combined/learned_geometry_on_reconstruction.png,/home/interns/Desktop/amit_code/targeted_experiments/geometry_family_attribution/image2_black_jacket/combined_bspline/combined/learned_geometry_on_reconstruction_edit.png
image2_black_jacket,image_2,Add a black jacket,combined_bspline_bezier_laplacian,combined,bspline+bezier+laplacian,bspline+bezier+laplacian,combined,learned_combined,0.8035309314727783,28.533156146506546,0.8145554065704346,19.055457556271755,0.11148774265584105,0.4820234775543213,-0.17618682980537415,/home/interns/Desktop/amit_code/targeted_experiments/geometry_family_attribution/image2_black_jacket/combined_bspline_bezier_laplacian/combined/learned_combined.png,/home/interns/Desktop/amit_code/targeted_experiments/geometry_family_attribution/image2_black_jacket/combined_bspline_bezier_laplacian/combined/learned_combined_edit.png
image2_black_jacket,image_2,Add a black jacket,combined_bspline_bezier_laplacian,combined,bspline+bezier+laplacian,bspline+bezier+laplacian,combined,learned_delta_only,0.7988314032554626,28.44925088035447,0.5855624079704285,12.425816859512583,0.2391713511665037,0.2742542028427124,-0.1746404469013214,/home/interns/Desktop/amit_code/targeted_experiments/geometry_family_attribution/image2_black_jacket/combined_bspline_bezier_laplacian/combined/learned_delta_only.png,/home/interns/Desktop/amit_code/targeted_experiments/geometry_family_attribution/image2_black_jacket/combined_bspline_bezier_laplacian/combined/learned_delta_only_edit.png
image2_black_jacket,image_2,Add a black jacket,combined_bspline_bezier_laplacian,combined,bspline+bezier+laplacian,bspline+bezier+laplacian,combined,learned_geometry_on_original,0.9972520470619202,48.90693262299962,0.9755156636238098,36.93694020995685,0.014228299210629928,0.990161657333374,0.9987519979476929,/home/interns/Desktop/amit_code/targeted_experiments/geometry_family_attribution/image2_black_jacket/combined_bspline_bezier_laplacian/combined/learned_geometry_on_original.png,/home/interns/Desktop/amit_code/targeted_experiments/geometry_family_attribution/image2_black_jacket/combined_bspline_bezier_laplacian/combined/learned_geometry_on_original_edit.png
image2_black_jacket,image_2,Add a black jacket,combined_bspline_bezier_laplacian,combined,bspline+bezier+laplacian,bspline+bezier+laplacian,combined,learned_geometry_on_reconstruction,0.8280760645866394,30.61791643251445,0.9465219974517822,33.26351959164776,0.021718209613922883,0.9888204336166382,0.9423606395721436,/home/interns/Desktop/amit_code/targeted_experiments/geometry_family_attribution/image2_black_jacket/combined_bspline_bezier_laplacian/combined/learned_geometry_on_reconstruction.png,/home/interns/Desktop/amit_code/targeted_experiments/geometry_family_attribution/image2_black_jacket/combined_bspline_bezier_laplacian/combined/learned_geometry_on_reconstruction_edit.png
image2_black_jacket,image_2,Add a black jacket,combined_bspline_delaunay,combined,bspline+delaunay,bspline+delaunay,combined,learned_combined,0.8054620623588562,28.5697378177462,0.8580705523490906,27.536940836426083,0.04199068488160554,0.5376814603805542,-0.1560869812965393,/home/interns/Desktop/amit_code/targeted_experiments/geometry_family_attribution/image2_black_jacket/combined_bspline_delaunay/combined/learned_combined.png,/home/interns/Desktop/amit_code/targeted_experiments/geometry_family_attribution/image2_black_jacket/combined_bspline_delaunay/combined/learned_combined_edit.png
image2_black_jacket,image_2,Add a black jacket,combined_bspline_delaunay,combined,bspline+delaunay,bspline+delaunay,combined,learned_delta_only,0.7990970611572266,28.47331640302944,0.7560171484947205,15.155577797667126,0.17467112206811097,0.39873576164245605,-0.14823660254478455,/home/interns/Desktop/amit_code/targeted_experiments/geometry_family_attribution/image2_black_jacket/combined_bspline_delaunay/combined/learned_delta_only.png,/home/interns/Desktop/amit_code/targeted_experiments/geometry_family_attribution/image2_black_jacket/combined_bspline_delaunay/combined/learned_delta_only_edit.png
image2_black_jacket,image_2,Add a black jacket,combined_bspline_delaunay,combined,bspline+delaunay,bspline+delaunay,combined,learned_geometry_on_original,0.9940122961997986,45.22647907315562,0.9581747055053711,34.157498392319724,0.01959408918138308,0.9882271885871887,0.9941589832305908,/home/interns/Desktop/amit_code/targeted_experiments/geometry_family_attribution/image2_black_jacket/combined_bspline_delaunay/combined/learned_geometry_on_original.png,/home/interns/Desktop/amit_code/targeted_experiments/geometry_family_attribution/image2_black_jacket/combined_bspline_delaunay/combined/learned_geometry_on_original_edit.png
image2_black_jacket,image_2,Add a black jacket,combined_bspline_delaunay,combined,bspline+delaunay,bspline+delaunay,combined,learned_geometry_on_reconstruction,0.8297590613365173,30.634704575351442,0.9462217688560486,33.392535156732734,0.02139800290600059,0.9877147674560547,0.9319301843643188,/home/interns/Desktop/amit_code/targeted_experiments/geometry_family_attribution/image2_black_jacket/combined_bspline_delaunay/combined/learned_geometry_on_reconstruction.png,/home/interns/Desktop/amit_code/targeted_experiments/geometry_family_attribution/image2_black_jacket/combined_bspline_delaunay/combined/learned_geometry_on_reconstruction_edit.png
image2_black_jacket,image_2,Add a black jacket,combined_bspline_lens,combined,bspline+lens,bspline+lens,combined,learned_combined,0.80832839012146,28.64523195051579,0.7636037468910217,19.2560784091823,0.10894218451959777,0.5010278224945068,-0.12150953710079193,/home/interns/Desktop/amit_code/targeted_experiments/geometry_family_attribution/image2_black_jacket/combined_bspline_lens/combined/learned_combined.png,/home/interns/Desktop/amit_code/targeted_experiments/geometry_family_attribution/image2_black_jacket/combined_bspline_lens/combined/learned_combined_edit.png
image2_black_jacket,image_2,Add a black jacket,combined_bspline_lens,combined,bspline+lens,bspline+lens,combined,learned_delta_only,0.8021661639213562,28.51300652192912,0.8035282492637634,18.347779819948883,0.12095143045732291,0.4800257086753845,-0.10504060983657837,/home/interns/Desktop/amit_code/targeted_experiments/geometry_family_attribution/image2_black_jacket/combined_bspline_lens/combined/learned_delta_only.png,/home/interns/Desktop/amit_code/targeted_experiments/geometry_family_attribution/image2_black_jacket/combined_bspline_lens/combined/learned_delta_only_edit.png
image2_black_jacket,image_2,Add a black jacket,combined_bspline_lens,combined,bspline+lens,bspline+lens,combined,learned_geometry_on_original,0.9627708792686462,37.4086786850756,0.9253806471824646,31.410949926303054,0.02688143839999316,0.9880627989768982,0.9953930377960205,/home/interns/Desktop/amit_code/targeted_experiments/geometry_family_attribution/image2_black_jacket/combined_bspline_lens/combined/learned_geometry_on_original.png,/home/interns/Desktop/amit_code/targeted_experiments/geometry_family_attribution/image2_black_jacket/combined_bspline_lens/combined/learned_geometry_on_original_edit.png
image2_black_jacket,image_2,Add a black jacket,combined_bspline_lens,combined,bspline+lens,bspline+lens,combined,learned_geometry_on_reconstruction,0.8306982517242432,30.71066761394094,0.8758819103240967,22.797882017903714,0.07246126293099013,0.9141606688499451,0.9385775327682495,/home/interns/Desktop/amit_code/targeted_experiments/geometry_family_attribution/image2_black_jacket/combined_bspline_lens/combined/learned_geometry_on_reconstruction.png,/home/interns/Desktop/amit_code/targeted_experiments/geometry_family_attribution/image2_black_jacket/combined_bspline_lens/combined/learned_geometry_on_reconstruction_edit.png
image2_black_jacket,image_2,Add a black jacket,combined_bspline_polar,combined,bspline+polar,bspline+polar,combined,learned_combined,0.8055925965309143,28.566263491082573,0.4868779480457306,10.996375266098521,0.28195593242986333,0.34783944487571716,-0.20326994359493256,/home/interns/Desktop/amit_code/targeted_experiments/geometry_family_attribution/image2_black_jacket/combined_bspline_polar/combined/learned_combined.png,/home/interns/Desktop/amit_code/targeted_experiments/geometry_family_attribution/image2_black_jacket/combined_bspline_polar/combined/learned_combined_edit.png
image2_black_jacket,image_2,Add a black jacket,combined_bspline_polar,combined,bspline+polar,bspline+polar,combined,learned_delta_only,0.7994680404663086,28.465587125028744,0.45030415058135986,9.759691536219243,0.32509884248232346,0.3102734684944153,-0.20074255764484406,/home/interns/Desktop/amit_code/targeted_experiments/geometry_family_attribution/image2_black_jacket/combined_bspline_polar/combined/learned_delta_only.png,/home/interns/Desktop/amit_code/targeted_experiments/geometry_family_attribution/image2_black_jacket/combined_bspline_polar/combined/learned_delta_only_edit.png
image2_black_jacket,image_2,Add a black jacket,combined_bspline_polar,combined,bspline+polar,bspline+polar,combined,learned_geometry_on_original,0.9964425563812256,47.61350489762435,0.9710829854011536,36.072170022329814,0.01571779061044239,0.990163266658783,0.9978479146957397,/home/interns/Desktop/amit_code/targeted_experiments/geometry_family_attribution/image2_black_jacket/combined_bspline_polar/combined/learned_geometry_on_original.png,/home/interns/Desktop/amit_code/targeted_experiments/geometry_family_attribution/image2_black_jacket/combined_bspline_polar/combined/learned_geometry_on_original_edit.png
image2_black_jacket,image_2,Add a black jacket,combined_bspline_polar,combined,bspline+polar,bspline+polar,combined,learned_geometry_on_reconstruction,0.829692542552948,30.65043955898738,0.9463350176811218,33.02648636119818,0.022319048808956327,0.9889983534812927,0.9346138834953308,/home/interns/Desktop/amit_code/targeted_experiments/geometry_family_attribution/image2_black_jacket/combined_bspline_polar/combined/learned_geometry_on_reconstruction.png,/home/interns/Desktop/amit_code/targeted_experiments/geometry_family_attribution/image2_black_jacket/combined_bspline_polar/combined/learned_geometry_on_reconstruction_edit.png
image2_black_jacket,image_2,Add a black jacket,combined_bspline_rolling,combined,bspline+rolling,bspline+rolling,combined,learned_combined,0.8031507134437561,28.52990267901124,0.453453928232193,10.055640803375574,0.3142085219871124,0.3324725031852722,-0.21074256300926208,/home/interns/Desktop/amit_code/targeted_experiments/geometry_family_attribution/image2_black_jacket/combined_bspline_rolling/combined/learned_combined.png,/home/interns/Desktop/amit_code/targeted_experiments/geometry_family_attribution/image2_black_jacket/combined_bspline_rolling/combined/learned_combined_edit.png
image2_black_jacket,image_2,Add a black jacket,combined_bspline_rolling,combined,bspline+rolling,bspline+rolling,combined,learned_delta_only,0.7998495101928711,28.467833015840593,0.4146738350391388,8.949484501021065,0.35688292930465665,0.3027111887931824,-0.2117016613483429,/home/interns/Desktop/amit_code/targeted_experiments/geometry_family_attribution/image2_black_jacket/combined_bspline_rolling/combined/learned_delta_only.png,/home/interns/Desktop/amit_code/targeted_experiments/geometry_family_attribution/image2_black_jacket/combined_bspline_rolling/combined/learned_delta_only_edit.png
image2_black_jacket,image_2,Add a black jacket,combined_bspline_rolling,combined,bspline+rolling,bspline+rolling,combined,learned_geometry_on_original,0.9973911643028259,49.88264685461569,0.9796924591064453,38.513729429687025,0.011866250946310879,0.9927281141281128,0.999457836151123,/home/interns/Desktop/amit_code/targeted_experiments/geometry_family_attribution/image2_black_jacket/combined_bspline_rolling/combined/learned_geometry_on_original.png,/home/interns/Desktop/amit_code/targeted_experiments/geometry_family_attribution/image2_black_jacket/combined_bspline_rolling/combined/learned_geometry_on_original_edit.png
image2_black_jacket,image_2,Add a black jacket,combined_bspline_rolling,combined,bspline+rolling,bspline+rolling,combined,learned_geometry_on_reconstruction,0.8265709280967712,30.580426395156795,0.9099014401435852,21.561633485585226,0.08354458878504815,0.8987828493118286,0.9418821334838867,/home/interns/Desktop/amit_code/targeted_experiments/geometry_family_attribution/image2_black_jacket/combined_bspline_rolling/combined/learned_geometry_on_reconstruction.png,/home/interns/Desktop/amit_code/targeted_experiments/geometry_family_attribution/image2_black_jacket/combined_bspline_rolling/combined/learned_geometry_on_reconstruction_edit.png
image2_black_jacket,image_2,Add a black jacket,combined_bspline_tps,combined,bspline+tps,bspline+tps,combined,learned_combined,0.8046643137931824,28.552932280696247,0.5328368544578552,11.520398241363788,0.2654483853141046,0.3223753273487091,-0.19818361103534698,/home/interns/Desktop/amit_code/targeted_experiments/geometry_family_attribution/image2_black_jacket/combined_bspline_tps/combined/learned_combined.png,/home/interns/Desktop/amit_code/targeted_experiments/geometry_family_attribution/image2_black_jacket/combined_bspline_tps/combined/learned_combined_edit.png
image2_black_jacket,image_2,Add a black jacket,combined_bspline_tps,combined,bspline+tps,bspline+tps,combined,learned_delta_only,0.7997279167175293,28.473899846944253,0.4177766740322113,8.97615686082559,0.3557887052174576,0.28658270835876465,-0.1968582272529602,/home/interns/Desktop/amit_code/targeted_experiments/geometry_family_attribution/image2_black_jacket/combined_bspline_tps/combined/learned_delta_only.png,/home/interns/Desktop/amit_code/targeted_experiments/geometry_family_attribution/image2_black_jacket/combined_bspline_tps/combined/learned_delta_only_edit.png
image2_black_jacket,image_2,Add a black jacket,combined_bspline_tps,combined,bspline+tps,bspline+tps,combined,learned_geometry_on_original,0.995995819568634,47.42286302310518,0.9694893956184387,35.8778406867135,0.016073407884762678,0.9911823272705078,0.9982261061668396,/home/interns/Desktop/amit_code/targeted_experiments/geometry_family_attribution/image2_black_jacket/combined_bspline_tps/combined/learned_geometry_on_original.png,/home/interns/Desktop/amit_code/targeted_experiments/geometry_family_attribution/image2_black_jacket/combined_bspline_tps/combined/learned_geometry_on_original_edit.png
image2_black_jacket,image_2,Add a black jacket,combined_bspline_tps,combined,bspline+tps,bspline+tps,combined,learned_geometry_on_reconstruction,0.8283944129943848,30.61293966169754,0.9461151957511902,33.31562851864102,0.021588306437104497,0.9880083799362183,0.9371122121810913,/home/interns/Desktop/amit_code/targeted_experiments/geometry_family_attribution/image2_black_jacket/combined_bspline_tps/combined/learned_geometry_on_reconstruction.png,/home/interns/Desktop/amit_code/targeted_experiments/geometry_family_attribution/image2_black_jacket/combined_bspline_tps/combined/learned_geometry_on_reconstruction_edit.png
image2_black_jacket,image_2,Add a black jacket,single_bezier,single,bezier,bezier,geometry_only_original,learned_geometry_on_original,0.9937014579772949,44.2588277064813,0.9514756202697754,32.682909282776436,0.023219589409072365,0.9906087517738342,0.9855984449386597,/home/interns/Desktop/amit_code/targeted_experiments/geometry_family_attribution/image2_black_jacket/single_bezier/geometry_only_original/learned_geometry_on_original.png,/home/interns/Desktop/amit_code/targeted_experiments/geometry_family_attribution/image2_black_jacket/single_bezier/geometry_only_original/learned_geometry_on_original_edit.png
image2_black_jacket,image_2,Add a black jacket,single_bezier,single,bezier,bezier,geometry_only_reconstruction,learned_geometry_on_reconstruction,0.8343349099159241,30.81225865344556,0.89762943983078,19.715641092469653,0.10332798145150966,0.8896664977073669,0.9174829125404358,/home/interns/Desktop/amit_code/targeted_experiments/geometry_family_attribution/image2_black_jacket/single_bezier/geometry_only_reconstruction/learned_geometry_on_reconstruction.png,/home/interns/Desktop/amit_code/targeted_experiments/geometry_family_attribution/image2_black_jacket/single_bezier/geometry_only_reconstruction/learned_geometry_on_reconstruction_edit.png
image2_black_jacket,image_2,Add a black jacket,single_bspline,single,bspline,bspline,geometry_only_original,learned_geometry_on_original,0.9931413531303406,44.16193094763103,0.9554848074913025,33.78717341764624,0.020447552367367974,0.9916953444480896,0.9701629877090454,/home/interns/Desktop/amit_code/targeted_experiments/geometry_family_attribution/image2_black_jacket/single_bspline/geometry_only_original/learned_geometry_on_original.png,/home/interns/Desktop/amit_code/targeted_experiments/geometry_family_attribution/image2_black_jacket/single_bspline/geometry_only_original/learned_geometry_on_original_edit.png
image2_black_jacket,image_2,Add a black jacket,single_bspline,single,bspline,bspline,geometry_only_reconstruction,learned_geometry_on_reconstruction,0.8333033919334412,30.802830079919005,0.8616273999214172,17.233425216550174,0.13750824497168546,0.7464343905448914,0.9116551876068115,/home/interns/Desktop/amit_code/targeted_experiments/geometry_family_attribution/image2_black_jacket/single_bspline/geometry_only_reconstruction/learned_geometry_on_reconstruction.png,/home/interns/Desktop/amit_code/targeted_experiments/geometry_family_attribution/image2_black_jacket/single_bspline/geometry_only_reconstruction/learned_geometry_on_reconstruction_edit.png
image2_black_jacket,image_2,Add a black jacket,single_delaunay,single,delaunay,delaunay,geometry_only_original,learned_geometry_on_original,0.9756481647491455,37.9198318759028,0.9100024104118347,30.224369004682895,0.030816374959034023,0.9632427096366882,0.9032687544822693,/home/interns/Desktop/amit_code/targeted_experiments/geometry_family_attribution/image2_black_jacket/single_delaunay/geometry_only_original/learned_geometry_on_original.png,/home/interns/Desktop/amit_code/targeted_experiments/geometry_family_attribution/image2_black_jacket/single_delaunay/geometry_only_original/learned_geometry_on_original_edit.png
image2_black_jacket,image_2,Add a black jacket,single_delaunay,single,delaunay,delaunay,geometry_only_reconstruction,learned_geometry_on_reconstruction,0.83355712890625,30.599826303413025,0.9235016703605652,29.13009400289559,0.034953872670109576,0.9802368879318237,0.8692318797111511,/home/interns/Desktop/amit_code/targeted_experiments/geometry_family_attribution/image2_black_jacket/single_delaunay/geometry_only_reconstruction/learned_geometry_on_reconstruction.png,/home/interns/Desktop/amit_code/targeted_experiments/geometry_family_attribution/image2_black_jacket/single_delaunay/geometry_only_reconstruction/learned_geometry_on_reconstruction_edit.png
image2_black_jacket,image_2,Add a black jacket,single_diffgeom,single,diffgeom,diffgeom,geometry_only_original,learned_geometry_on_original,0.8067002296447754,27.00289947325443,0.7490212321281433,23.63023336304948,0.06583977405903131,0.8813591003417969,0.7095648050308228,/home/interns/Desktop/amit_code/targeted_experiments/geometry_family_attribution/image2_black_jacket/single_diffgeom/geometry_only_original/learned_geometry_on_original.png,/home/interns/Desktop/amit_code/targeted_experiments/geometry_family_attribution/image2_black_jacket/single_diffgeom/geometry_only_original/learned_geometry_on_original_edit.png
image2_black_jacket,image_2,Add a black jacket,single_diffgeom,single,diffgeom,diffgeom,geometry_only_reconstruction,learned_geometry_on_reconstruction,0.7114171981811523,24.050704326650436,0.3955783545970917,8.902364388516546,0.35882424569851645,0.38424938917160034,0.7024915814399719,/home/interns/Desktop/amit_code/targeted_experiments/geometry_family_attribution/image2_black_jacket/single_diffgeom/geometry_only_reconstruction/learned_geometry_on_reconstruction.png,/home/interns/Desktop/amit_code/targeted_experiments/geometry_family_attribution/image2_black_jacket/single_diffgeom/geometry_only_reconstruction/learned_geometry_on_reconstruction_edit.png
image2_black_jacket,image_2,Add a black jacket,single_fft,single,fft,fft,geometry_only_original,learned_geometry_on_original,0.9994266629219055,49.965500170330166,0.9924984574317932,44.09627939279289,0.006240020699883561,0.9937759637832642,0.9971781969070435,/home/interns/Desktop/amit_code/targeted_experiments/geometry_family_attribution/image2_black_jacket/single_fft/geometry_only_original/learned_geometry_on_original.png,/home/interns/Desktop/amit_code/targeted_experiments/geometry_family_attribution/image2_black_jacket/single_fft/geometry_only_original/learned_geometry_on_original_edit.png
image2_black_jacket,image_2,Add a black jacket,single_fft,single,fft,fft,geometry_only_reconstruction,learned_geometry_on_reconstruction,0.8230366110801697,30.46037935609143,0.8891469836235046,18.665649514624462,0.11660509423637327,0.8371753692626953,0.9325945973396301,/home/interns/Desktop/amit_code/targeted_experiments/geometry_family_attribution/image2_black_jacket/single_fft/geometry_only_reconstruction/learned_geometry_on_reconstruction.png,/home/interns/Desktop/amit_code/targeted_experiments/geometry_family_attribution/image2_black_jacket/single_fft/geometry_only_reconstruction/learned_geometry_on_reconstruction_edit.png
image2_black_jacket,image_2,Add a black jacket,single_geodesic,single,geodesic,geodesic,geometry_only_original,learned_geometry_on_original,0.9990448951721191,55.881840688269506,0.987743079662323,42.34127209670654,0.007637239237826511,0.9937304258346558,0.9996427893638611,/home/interns/Desktop/amit_code/targeted_experiments/geometry_family_attribution/image2_black_jacket/single_geodesic/geometry_only_original/learned_geometry_on_original.png,/home/interns/Desktop/amit_code/targeted_experiments/geometry_family_attribution/image2_black_jacket/single_geodesic/geometry_only_original/learned_geometry_on_original_edit.png
image2_black_jacket,image_2,Add a black jacket,single_geodesic,single,geodesic,geodesic,geometry_only_reconstruction,learned_geometry_on_reconstruction,0.8231220245361328,30.49125390713815,0.8885669112205505,18.611083566833216,0.11733992915148966,0.8332234621047974,0.9412927627563477,/home/interns/Desktop/amit_code/targeted_experiments/geometry_family_attribution/image2_black_jacket/single_geodesic/geometry_only_reconstruction/learned_geometry_on_reconstruction.png,/home/interns/Desktop/amit_code/targeted_experiments/geometry_family_attribution/image2_black_jacket/single_geodesic/geometry_only_reconstruction/learned_geometry_on_reconstruction_edit.png
image2_black_jacket,image_2,Add a black jacket,single_homography,single,homography,homography,geometry_only_original,learned_geometry_on_original,0.8851293921470642,31.517707168195898,0.832318127155304,26.946063305361037,0.04494659894083215,0.9380057454109192,0.8822616338729858,/home/interns/Desktop/amit_code/targeted_experiments/geometry_family_attribution/image2_black_jacket/single_homography/geometry_only_original/learned_geometry_on_original.png,/home/interns/Desktop/amit_code/targeted_experiments/geometry_family_attribution/image2_black_jacket/single_homography/geometry_only_original/learned_geometry_on_original_edit.png
image2_black_jacket,image_2,Add a black jacket,single_homography,single,homography,homography,geometry_only_reconstruction,learned_geometry_on_reconstruction,0.8308961391448975,29.388171908740176,0.9280173182487488,29.742144593946524,0.03257562600586501,0.9800859689712524,0.8967577815055847,/home/interns/Desktop/amit_code/targeted_experiments/geometry_family_attribution/image2_black_jacket/single_homography/geometry_only_reconstruction/learned_geometry_on_reconstruction.png,/home/interns/Desktop/amit_code/targeted_experiments/geometry_family_attribution/image2_black_jacket/single_homography/geometry_only_reconstruction/learned_geometry_on_reconstruction_edit.png
image2_black_jacket,image_2,Add a black jacket,single_laplacian,single,laplacian,laplacian,geometry_only_original,learned_geometry_on_original,0.993658721446991,44.10744775924168,0.9568922519683838,33.02070603032226,0.022333906748611326,0.9914478063583374,0.9828677773475647,/home/interns/Desktop/amit_code/targeted_experiments/geometry_family_attribution/image2_black_jacket/single_laplacian/geometry_only_original/learned_geometry_on_original.png,/home/interns/Desktop/amit_code/targeted_experiments/geometry_family_attribution/image2_black_jacket/single_laplacian/geometry_only_original/learned_geometry_on_original_edit.png
image2_black_jacket,image_2,Add a black jacket,single_laplacian,single,laplacian,laplacian,geometry_only_reconstruction,learned_geometry_on_reconstruction,0.8339937329292297,30.803753795870858,0.8954442143440247,19.543257221933974,0.10539915738161422,0.8848424553871155,0.9155438542366028,/home/interns/Desktop/amit_code/targeted_experiments/geometry_family_attribution/image2_black_jacket/single_laplacian/geometry_only_reconstruction/learned_geometry_on_reconstruction.png,/home/interns/Desktop/amit_code/targeted_experiments/geometry_family_attribution/image2_black_jacket/single_laplacian/geometry_only_reconstruction/learned_geometry_on_reconstruction_edit.png
image2_black_jacket,image_2,Add a black jacket,single_mobius,single,mobius,mobius,geometry_only_original,learned_geometry_on_original,0.6964864134788513,25.01738177173842,0.6421098113059998,21.658126037912425,0.08262161847219779,0.7164915204048157,0.7719785571098328,/home/interns/Desktop/amit_code/targeted_experiments/geometry_family_attribution/image2_black_jacket/single_mobius/geometry_only_original/learned_geometry_on_original.png,/home/interns/Desktop/amit_code/targeted_experiments/geometry_family_attribution/image2_black_jacket/single_mobius/geometry_only_original/learned_geometry_on_original_edit.png
image2_black_jacket,image_2,Add a black jacket,single_mobius,single,mobius,mobius,geometry_only_reconstruction,learned_geometry_on_reconstruction,0.8271517157554626,30.40143046912233,0.9135438799858093,30.755294195541182,0.02898913723517515,0.975761890411377,0.897929310798645,/home/interns/Desktop/amit_code/targeted_experiments/geometry_family_attribution/image2_black_jacket/single_mobius/geometry_only_reconstruction/learned_geometry_on_reconstruction.png,/home/interns/Desktop/amit_code/targeted_experiments/geometry_family_attribution/image2_black_jacket/single_mobius/geometry_only_reconstruction/learned_geometry_on_reconstruction_edit.png
image2_black_jacket,image_2,Add a black jacket,single_rolling,single,rolling,rolling,geometry_only_original,learned_geometry_on_original,0.9921383261680603,43.47652575577147,0.964911162853241,35.340361403722014,0.017099441660119015,0.9927470088005066,0.9970895051956177,/home/interns/Desktop/amit_code/targeted_experiments/geometry_family_attribution/image2_black_jacket/single_rolling/geometry_only_original/learned_geometry_on_original.png,/home/interns/Desktop/amit_code/targeted_experiments/geometry_family_attribution/image2_black_jacket/single_rolling/geometry_only_original/learned_geometry_on_original_edit.png
image2_black_jacket,image_2,Add a black jacket,single_rolling,single,rolling,rolling,geometry_only_reconstruction,learned_geometry_on_reconstruction,0.8258439898490906,30.50781601716772,0.5084184408187866,11.28461335279442,0.2727528720594359,0.3472978174686432,0.9307186603546143,/home/interns/Desktop/amit_code/targeted_experiments/geometry_family_attribution/image2_black_jacket/single_rolling/geometry_only_reconstruction/learned_geometry_on_reconstruction.png,/home/interns/Desktop/amit_code/targeted_experiments/geometry_family_attribution/image2_black_jacket/single_rolling/geometry_only_reconstruction/learned_geometry_on_reconstruction_edit.png
image4_red_scarf,image_4,Add a red scarf,combined_all,combined,all,bspline+polar+bezier+lens+mobius+laplacian+geodesic+diffgeom+delaunay+tps+rolling+fft+homography,combined,learned_combined,0.8333740830421448,28.365906869724032,0.813136875629425,26.387568633853938,0.04793156048131601,0.1623898446559906,-0.17744463682174683,/home/interns/Desktop/amit_code/targeted_experiments/geometry_family_attribution/image4_red_scarf/combined_all/combined/learned_combined.png,/home/interns/Desktop/amit_code/targeted_experiments/geometry_family_attribution/image4_red_scarf/combined_all/combined/learned_combined_edit.png
image4_red_scarf,image_4,Add a red scarf,combined_all,combined,all,bspline+polar+bezier+lens+mobius+laplacian+geodesic+diffgeom+delaunay+tps+rolling+fft+homography,combined,learned_delta_only,0.8291327953338623,29.20938531428602,0.8731317520141602,28.515112211511102,0.037518406922623246,0.18406370282173157,-0.12100718915462494,/home/interns/Desktop/amit_code/targeted_experiments/geometry_family_attribution/image4_red_scarf/combined_all/combined/learned_delta_only.png,/home/interns/Desktop/amit_code/targeted_experiments/geometry_family_attribution/image4_red_scarf/combined_all/combined/learned_delta_only_edit.png
image4_red_scarf,image_4,Add a red scarf,combined_all,combined,all,bspline+polar+bezier+lens+mobius+laplacian+geodesic+diffgeom+delaunay+tps+rolling+fft+homography,combined,learned_geometry_on_original,0.9283385872840881,32.63270018576735,0.8639701008796692,29.673300500193783,0.03283484533947797,0.9428292512893677,0.9555138349533081,/home/interns/Desktop/amit_code/targeted_experiments/geometry_family_attribution/image4_red_scarf/combined_all/combined/learned_geometry_on_original.png,/home/interns/Desktop/amit_code/targeted_experiments/geometry_family_attribution/image4_red_scarf/combined_all/combined/learned_geometry_on_original_edit.png
image4_red_scarf,image_4,Add a red scarf,combined_all,combined,all,bspline+polar+bezier+lens+mobius+laplacian+geodesic+diffgeom+delaunay+tps+rolling+fft+homography,combined,learned_geometry_on_reconstruction,0.8497743606567383,29.972035595507364,0.8805533051490784,29.351960025638544,0.034072342973940024,0.9388301372528076,0.9165390133857727,/home/interns/Desktop/amit_code/targeted_experiments/geometry_family_attribution/image4_red_scarf/combined_all/combined/learned_geometry_on_reconstruction.png,/home/interns/Desktop/amit_code/targeted_experiments/geometry_family_attribution/image4_red_scarf/combined_all/combined/learned_geometry_on_reconstruction_edit.png
image4_red_scarf,image_4,Add a red scarf,combined_bspline,combined,bspline,bspline,combined,learned_combined,0.8271586298942566,29.389745224489854,0.8619375228881836,27.126918899175084,0.044020407146334775,0.011260565370321274,-0.33394521474838257,/home/interns/Desktop/amit_code/targeted_experiments/geometry_family_attribution/image4_red_scarf/combined_bspline/combined/learned_combined.png,/home/interns/Desktop/amit_code/targeted_experiments/geometry_family_attribution/image4_red_scarf/combined_bspline/combined/learned_combined_edit.png
image4_red_scarf,image_4,Add a red scarf,combined_bspline,combined,bspline,bspline,combined,learned_delta_only,0.8248167037963867,29.329270067621064,0.8613188862800598,27.07062022120376,0.044306657592285886,0.011482413858175278,-0.33505380153656006,/home/interns/Desktop/amit_code/targeted_experiments/geometry_family_attribution/image4_red_scarf/combined_bspline/combined/learned_delta_only.png,/home/interns/Desktop/amit_code/targeted_experiments/geometry_family_attribution/image4_red_scarf/combined_bspline/combined/learned_delta_only_edit.png
image4_red_scarf,image_4,Add a red scarf,combined_bspline,combined,bspline,bspline,combined,learned_geometry_on_original,0.9975483417510986,50.19686871244439,0.9837086796760559,41.815648795497026,0.008113674113240621,0.9938287734985352,0.9992159605026245,/home/interns/Desktop/amit_code/targeted_experiments/geometry_family_attribution/image4_red_scarf/combined_bspline/combined/learned_geometry_on_original.png,/home/interns/Desktop/amit_code/targeted_experiments/geometry_family_attribution/image4_red_scarf/combined_bspline/combined/learned_geometry_on_original_edit.png
image4_red_scarf,image_4,Add a red scarf,combined_bspline,combined,bspline,bspline,combined,learned_geometry_on_reconstruction,0.8425975441932678,31.01666612845412,0.9493793845176697,34.78208084543204,0.018234588109211816,0.9847557544708252,0.9423686265945435,/home/interns/Desktop/amit_code/targeted_experiments/geometry_family_attribution/image4_red_scarf/combined_bspline/combined/learned_geometry_on_reconstruction.png,/home/interns/Desktop/amit_code/targeted_experiments/geometry_family_attribution/image4_red_scarf/combined_bspline/combined/learned_geometry_on_reconstruction_edit.png
image4_red_scarf,image_4,Add a red scarf,combined_bspline_bezier_laplacian,combined,bspline+bezier+laplacian,bspline+bezier+laplacian,combined,learned_combined,0.8300890922546387,29.40568926194453,0.8754807114601135,28.8287933759701,0.03618764582952128,0.04121080040931702,-0.32234835624694824,/home/interns/Desktop/amit_code/targeted_experiments/geometry_family_attribution/image4_red_scarf/combined_bspline_bezier_laplacian/combined/learned_combined.png,/home/interns/Desktop/amit_code/targeted_experiments/geometry_family_attribution/image4_red_scarf/combined_bspline_bezier_laplacian/combined/learned_combined_edit.png
image4_red_scarf,image_4,Add a red scarf,combined_bspline_bezier_laplacian,combined,bspline+bezier+laplacian,bspline+bezier+laplacian,combined,learned_delta_only,0.8257701992988586,29.312197898030227,0.8742650151252747,28.784658548752343,0.036371990799864966,0.03621844947338104,-0.32194048166275024,/home/interns/Desktop/amit_code/targeted_experiments/geometry_family_attribution/image4_red_scarf/combined_bspline_bezier_laplacian/combined/learned_delta_only.png,/home/interns/Desktop/amit_code/targeted_experiments/geometry_family_attribution/image4_red_scarf/combined_bspline_bezier_laplacian/combined/learned_delta_only_edit.png
image4_red_scarf,image_4,Add a red scarf,combined_bspline_bezier_laplacian,combined,bspline+bezier+laplacian,bspline+bezier+laplacian,combined,learned_geometry_on_original,0.9969038367271423,47.64939499029854,0.980911910533905,40.383709627132035,0.009567853538120378,0.9940594434738159,0.998672366142273,/home/interns/Desktop/amit_code/targeted_experiments/geometry_family_attribution/image4_red_scarf/combined_bspline_bezier_laplacian/combined/learned_geometry_on_original.png,/home/interns/Desktop/amit_code/targeted_experiments/geometry_family_attribution/image4_red_scarf/combined_bspline_bezier_laplacian/combined/learned_geometry_on_original_edit.png
image4_red_scarf,image_4,Add a red scarf,combined_bspline_bezier_laplacian,combined,bspline+bezier+laplacian,bspline+bezier+laplacian,combined,learned_geometry_on_reconstruction,0.8445556163787842,31.048694594001404,0.9491440653800964,34.774942001517104,0.018249581091248187,0.9843122363090515,0.9435710906982422,/home/interns/Desktop/amit_code/targeted_experiments/geometry_family_attribution/image4_red_scarf/combined_bspline_bezier_laplacian/combined/learned_geometry_on_reconstruction.png,/home/interns/Desktop/amit_code/targeted_experiments/geometry_family_attribution/image4_red_scarf/combined_bspline_bezier_laplacian/combined/learned_geometry_on_reconstruction_edit.png
image4_red_scarf,image_4,Add a red scarf,combined_bspline_delaunay,combined,bspline+delaunay,bspline+delaunay,combined,learned_combined,0.832057774066925,29.422116477177653,0.876153290271759,28.860204014452314,0.036057017383845945,0.11083036661148071,-0.3048107326030731,/home/interns/Desktop/amit_code/targeted_experiments/geometry_family_attribution/image4_red_scarf/combined_bspline_delaunay/combined/learned_combined.png,/home/interns/Desktop/amit_code/targeted_experiments/geometry_family_attribution/image4_red_scarf/combined_bspline_delaunay/combined/learned_combined_edit.png
image4_red_scarf,image_4,Add a red scarf,combined_bspline_delaunay,combined,bspline+delaunay,bspline+delaunay,combined,learned_delta_only,0.8260910511016846,29.323819952684364,0.8758450150489807,28.84059284298751,0.03613851959675976,0.09989231079816818,-0.29703623056411743,/home/interns/Desktop/amit_code/targeted_experiments/geometry_family_attribution/image4_red_scarf/combined_bspline_delaunay/combined/learned_delta_only.png,/home/interns/Desktop/amit_code/targeted_experiments/geometry_family_attribution/image4_red_scarf/combined_bspline_delaunay/combined/learned_delta_only_edit.png
image4_red_scarf,image_4,Add a red scarf,combined_bspline_delaunay,combined,bspline+delaunay,bspline+delaunay,combined,learned_geometry_on_original,0.9944942593574524,44.913662614171784,0.9703574180603027,38.43370909198873,0.011976076055993106,0.9892787933349609,0.994196891784668,/home/interns/Desktop/amit_code/targeted_experiments/geometry_family_attribution/image4_red_scarf/combined_bspline_delaunay/combined/learned_geometry_on_original.png,/home/interns/Desktop/amit_code/targeted_experiments/geometry_family_attribution/image4_red_scarf/combined_bspline_delaunay/combined/learned_geometry_on_original_edit.png
image4_red_scarf,image_4,Add a red scarf,combined_bspline_delaunay,combined,bspline+delaunay,bspline+delaunay,combined,learned_geometry_on_reconstruction,0.8461611866950989,31.064409898190366,0.9467409253120422,34.50226880930751,0.01883157132688367,0.9826953411102295,0.9336791038513184,/home/interns/Desktop/amit_code/targeted_experiments/geometry_family_attribution/image4_red_scarf/combined_bspline_delaunay/combined/learned_geometry_on_reconstruction.png,/home/interns/Desktop/amit_code/targeted_experiments/geometry_family_attribution/image4_red_scarf/combined_bspline_delaunay/combined/learned_geometry_on_reconstruction_edit.png
image4_red_scarf,image_4,Add a red scarf,combined_bspline_lens,combined,bspline+lens,bspline+lens,combined,learned_combined,0.8283798098564148,28.963999117259615,0.8603637218475342,28.353247802490117,0.03822413003825724,0.15105977654457092,-0.21867890655994415,/home/interns/Desktop/amit_code/targeted_experiments/geometry_family_attribution/image4_red_scarf/combined_bspline_lens/combined/learned_combined.png,/home/interns/Desktop/amit_code/targeted_experiments/geometry_family_attribution/image4_red_scarf/combined_bspline_lens/combined/learned_combined_edit.png
image4_red_scarf,image_4,Add a red scarf,combined_bspline_lens,combined,bspline+lens,bspline+lens,combined,learned_delta_only,0.8301641345024109,29.47420138943171,0.8789050579071045,28.995445002181782,0.03549995069632582,0.15569458901882172,-0.2192573845386505,/home/interns/Desktop/amit_code/targeted_experiments/geometry_family_attribution/image4_red_scarf/combined_bspline_lens/combined/learned_delta_only.png,/home/interns/Desktop/amit_code/targeted_experiments/geometry_family_attribution/image4_red_scarf/combined_bspline_lens/combined/learned_delta_only_edit.png
image4_red_scarf,image_4,Add a red scarf,combined_bspline_lens,combined,bspline+lens,bspline+lens,combined,learned_geometry_on_original,0.9534254670143127,34.66637076104742,0.9134399890899658,32.33570124495661,0.02416656571986673,0.9848288297653198,0.9964269399642944,/home/interns/Desktop/amit_code/targeted_experiments/geometry_family_attribution/image4_red_scarf/combined_bspline_lens/combined/learned_geometry_on_original.png,/home/interns/Desktop/amit_code/targeted_experiments/geometry_family_attribution/image4_red_scarf/combined_bspline_lens/combined/learned_geometry_on_original_edit.png
image4_red_scarf,image_4,Add a red scarf,combined_bspline_lens,combined,bspline+lens,bspline+lens,combined,learned_geometry_on_reconstruction,0.8393666744232178,30.23873217039212,0.9181206226348877,31.948219347311955,0.025269056858840944,0.9817251563072205,0.9373042583465576,/home/interns/Desktop/amit_code/targeted_experiments/geometry_family_attribution/image4_red_scarf/combined_bspline_lens/combined/learned_geometry_on_reconstruction.png,/home/interns/Desktop/amit_code/targeted_experiments/geometry_family_attribution/image4_red_scarf/combined_bspline_lens/combined/learned_geometry_on_reconstruction_edit.png
image4_red_scarf,image_4,Add a red scarf,combined_bspline_polar,combined,bspline+polar,bspline+polar,combined,learned_combined,0.8320040106773376,29.422945535974417,0.877047598361969,28.917911983469452,0.03581825308927241,0.07608267664909363,-0.29318490624427795,/home/interns/Desktop/amit_code/targeted_experiments/geometry_family_attribution/image4_red_scarf/combined_bspline_polar/combined/learned_combined.png,/home/interns/Desktop/amit_code/targeted_experiments/geometry_family_attribution/image4_red_scarf/combined_bspline_polar/combined/learned_combined_edit.png
image4_red_scarf,image_4,Add a red scarf,combined_bspline_polar,combined,bspline+polar,bspline+polar,combined,learned_delta_only,0.8262115120887756,29.33249104890472,0.8771865963935852,28.8726640655675,0.03600533008315735,0.07765530794858932,-0.28889405727386475,/home/interns/Desktop/amit_code/targeted_experiments/geometry_family_attribution/image4_red_scarf/combined_bspline_polar/combined/learned_delta_only.png,/home/interns/Desktop/amit_code/targeted_experiments/geometry_family_attribution/image4_red_scarf/combined_bspline_polar/combined/learned_delta_only_edit.png
image4_red_scarf,image_4,Add a red scarf,combined_bspline_polar,combined,bspline+polar,bspline+polar,combined,learned_geometry_on_original,0.9958282113075256,45.91345119617725,0.9729916453361511,38.68108192188692,0.011639810339011883,0.9869430065155029,0.9952074289321899,/home/interns/Desktop/amit_code/targeted_experiments/geometry_family_attribution/image4_red_scarf/combined_bspline_polar/combined/learned_geometry_on_original.png,/home/interns/Desktop/amit_code/targeted_experiments/geometry_family_attribution/image4_red_scarf/combined_bspline_polar/combined/learned_geometry_on_original_edit.png
image4_red_scarf,image_4,Add a red scarf,combined_bspline_polar,combined,bspline+polar,bspline+polar,combined,learned_geometry_on_reconstruction,0.8460264205932617,31.063114852570703,0.9478663802146912,34.68934634645918,0.018430311804090205,0.9782375693321228,0.9293969869613647,/home/interns/Desktop/amit_code/targeted_experiments/geometry_family_attribution/image4_red_scarf/combined_bspline_polar/combined/learned_geometry_on_reconstruction.png,/home/interns/Desktop/amit_code/targeted_experiments/geometry_family_attribution/image4_red_scarf/combined_bspline_polar/combined/learned_geometry_on_reconstruction_edit.png
image4_red_scarf,image_4,Add a red scarf,combined_bspline_rolling,combined,bspline+rolling,bspline+rolling,combined,learned_combined,0.828048050403595,29.392242528946035,0.8744539618492126,28.844486765465692,0.0361223221706432,0.032530948519706726,-0.3163178563117981,/home/interns/Desktop/amit_code/targeted_experiments/geometry_family_attribution/image4_red_scarf/combined_bspline_rolling/combined/learned_combined.png,/home/interns/Desktop/amit_code/targeted_experiments/geometry_family_attribution/image4_red_scarf/combined_bspline_rolling/combined/learned_combined_edit.png
image4_red_scarf,image_4,Add a red scarf,combined_bspline_rolling,combined,bspline+rolling,bspline+rolling,combined,learned_delta_only,0.8255296349525452,29.327853193853652,0.862048327922821,27.075107461833564,0.04428377412310033,0.019131194800138474,-0.3169584572315216,/home/interns/Desktop/amit_code/targeted_experiments/geometry_family_attribution/image4_red_scarf/combined_bspline_rolling/combined/learned_delta_only.png,/home/interns/Desktop/amit_code/targeted_experiments/geometry_family_attribution/image4_red_scarf/combined_bspline_rolling/combined/learned_delta_only_edit.png
image4_red_scarf,image_4,Add a red scarf,combined_bspline_rolling,combined,bspline+rolling,bspline+rolling,combined,learned_geometry_on_original,0.9973084926605225,49.350874630960455,0.9839068055152893,41.52387230028367,0.008390858260367463,0.9923865795135498,0.9988884329795837,/home/interns/Desktop/amit_code/targeted_experiments/geometry_family_attribution/image4_red_scarf/combined_bspline_rolling/combined/learned_geometry_on_original.png,/home/interns/Desktop/amit_code/targeted_experiments/geometry_family_attribution/image4_red_scarf/combined_bspline_rolling/combined/learned_geometry_on_original_edit.png
image4_red_scarf,image_4,Add a red scarf,combined_bspline_rolling,combined,bspline+rolling,bspline+rolling,combined,learned_geometry_on_reconstruction,0.8427750468254089,31.02000747996251,0.9491104483604431,34.78316817937706,0.01823230557437821,0.9842966794967651,0.9424029588699341,/home/interns/Desktop/amit_code/targeted_experiments/geometry_family_attribution/image4_red_scarf/combined_bspline_rolling/combined/learned_geometry_on_reconstruction.png,/home/interns/Desktop/amit_code/targeted_experiments/geometry_family_attribution/image4_red_scarf/combined_bspline_rolling/combined/learned_geometry_on_reconstruction_edit.png
image4_red_scarf,image_4,Add a red scarf,combined_bspline_tps,combined,bspline+tps,bspline+tps,combined,learned_combined,0.8303093314170837,29.43283960840299,0.876438558101654,28.89108361287988,0.03592905704690025,0.058323852717876434,-0.3109716475009918,/home/interns/Desktop/amit_code/targeted_experiments/geometry_family_attribution/image4_red_scarf/combined_bspline_tps/combined/learned_combined.png,/home/interns/Desktop/amit_code/targeted_experiments/geometry_family_attribution/image4_red_scarf/combined_bspline_tps/combined/learned_combined_edit.png
image4_red_scarf,image_4,Add a red scarf,combined_bspline_tps,combined,bspline+tps,bspline+tps,combined,learned_delta_only,0.8256471157073975,29.335087948684023,0.8755913376808167,28.840604843948732,0.03613846966558507,0.05119989812374115,-0.30788904428482056,/home/interns/Desktop/amit_code/targeted_experiments/geometry_family_attribution/image4_red_scarf/combined_bspline_tps/combined/learned_delta_only.png,/home/interns/Desktop/amit_code/targeted_experiments/geometry_family_attribution/image4_red_scarf/combined_bspline_tps/combined/learned_delta_only_edit.png
image4_red_scarf,image_4,Add a red scarf,combined_bspline_tps,combined,bspline+tps,bspline+tps,combined,learned_geometry_on_original,0.9957519173622131,46.291269065853314,0.9776601195335388,39.521660701645786,0.010566154699429394,0.9882261157035828,0.9977057576179504,/home/interns/Desktop/amit_code/targeted_experiments/geometry_family_attribution/image4_red_scarf/combined_bspline_tps/combined/learned_geometry_on_original.png,/home/interns/Desktop/amit_code/targeted_experiments/geometry_family_attribution/image4_red_scarf/combined_bspline_tps/combined/learned_geometry_on_original_edit.png
image4_red_scarf,image_4,Add a red scarf,combined_bspline_tps,combined,bspline+tps,bspline+tps,combined,learned_geometry_on_reconstruction,0.8449366688728333,31.063757482800916,0.9481979012489319,34.6954304800535,0.018417406595667974,0.9813886284828186,0.9409985542297363,/home/interns/Desktop/amit_code/targeted_experiments/geometry_family_attribution/image4_red_scarf/combined_bspline_tps/combined/learned_geometry_on_reconstruction.png,/home/interns/Desktop/amit_code/targeted_experiments/geometry_family_attribution/image4_red_scarf/combined_bspline_tps/combined/learned_geometry_on_reconstruction_edit.png
image4_red_scarf,image_4,Add a red scarf,single_bezier,single,bezier,bezier,geometry_only_original,learned_geometry_on_original,0.9922478199005127,41.871775111958335,0.9636383652687073,36.56957525723172,0.014842984609571817,0.9742467403411865,0.9832072854042053,/home/interns/Desktop/amit_code/targeted_experiments/geometry_family_attribution/image4_red_scarf/single_bezier/geometry_only_original/learned_geometry_on_original.png,/home/interns/Desktop/amit_code/targeted_experiments/geometry_family_attribution/image4_red_scarf/single_bezier/geometry_only_original/learned_geometry_on_original_edit.png
image4_red_scarf,image_4,Add a red scarf,single_bezier,single,bezier,bezier,geometry_only_reconstruction,learned_geometry_on_reconstruction,0.8457121849060059,31.032132377676426,0.9482596516609192,34.60663349978083,0.018606655852045077,0.981453537940979,0.9294795989990234,/home/interns/Desktop/amit_code/targeted_experiments/geometry_family_attribution/image4_red_scarf/single_bezier/geometry_only_reconstruction/learned_geometry_on_reconstruction.png,/home/interns/Desktop/amit_code/targeted_experiments/geometry_family_attribution/image4_red_scarf/single_bezier/geometry_only_reconstruction/learned_geometry_on_reconstruction_edit.png
image4_red_scarf,image_4,Add a red scarf,single_bspline,single,bspline,bspline,geometry_only_original,learned_geometry_on_original,0.9934849143028259,42.832175316592505,0.9664382934570312,36.98064887055155,0.01415688018473114,0.9858100414276123,0.9788953065872192,/home/interns/Desktop/amit_code/targeted_experiments/geometry_family_attribution/image4_red_scarf/single_bspline/geometry_only_original/learned_geometry_on_original.png,/home/interns/Desktop/amit_code/targeted_experiments/geometry_family_attribution/image4_red_scarf/single_bspline/geometry_only_original/learned_geometry_on_original_edit.png
image4_red_scarf,image_4,Add a red scarf,single_bspline,single,bspline,bspline,geometry_only_reconstruction,learned_geometry_on_reconstruction,0.8459036946296692,31.009525760802955,0.9463555812835693,34.15132170840748,0.019608027827010516,0.9801429510116577,0.9189892411231995,/home/interns/Desktop/amit_code/targeted_experiments/geometry_family_attribution/image4_red_scarf/single_bspline/geometry_only_reconstruction/learned_geometry_on_reconstruction.png,/home/interns/Desktop/amit_code/targeted_experiments/geometry_family_attribution/image4_red_scarf/single_bspline/geometry_only_reconstruction/learned_geometry_on_reconstruction_edit.png
image4_red_scarf,image_4,Add a red scarf,single_delaunay,single,delaunay,delaunay,geometry_only_original,learned_geometry_on_original,0.9838255047798157,39.38235439620401,0.9439827799797058,34.801723651673996,0.018193397880263643,0.9748126268386841,0.9788734316825867,/home/interns/Desktop/amit_code/targeted_experiments/geometry_family_attribution/image4_red_scarf/single_delaunay/geometry_only_original/learned_geometry_on_original.png,/home/interns/Desktop/amit_code/targeted_experiments/geometry_family_attribution/image4_red_scarf/single_delaunay/geometry_only_original/learned_geometry_on_original_edit.png
image4_red_scarf,image_4,Add a red scarf,single_delaunay,single,delaunay,delaunay,geometry_only_reconstruction,learned_geometry_on_reconstruction,0.8452840447425842,30.475425351549454,0.9367457032203674,32.544946407867386,0.023591343795685362,0.9690364003181458,0.8842458724975586,/home/interns/Desktop/amit_code/targeted_experiments/geometry_family_attribution/image4_red_scarf/single_delaunay/geometry_only_reconstruction/learned_geometry_on_reconstruction.png,/home/interns/Desktop/amit_code/targeted_experiments/geometry_family_attribution/image4_red_scarf/single_delaunay/geometry_only_reconstruction/learned_geometry_on_reconstruction_edit.png
image4_red_scarf,image_4,Add a red scarf,single_diffgeom,single,diffgeom,diffgeom,geometry_only_original,learned_geometry_on_original,0.8081029057502747,23.41054912638893,0.7589476704597473,22.374935727393858,0.07607697113405444,0.6737717390060425,0.5409109592437744,/home/interns/Desktop/amit_code/targeted_experiments/geometry_family_attribution/image4_red_scarf/single_diffgeom/geometry_only_original/learned_geometry_on_original.png,/home/interns/Desktop/amit_code/targeted_experiments/geometry_family_attribution/image4_red_scarf/single_diffgeom/geometry_only_original/learned_geometry_on_original_edit.png
image4_red_scarf,image_4,Add a red scarf,single_diffgeom,single,diffgeom,diffgeom,geometry_only_reconstruction,learned_geometry_on_reconstruction,0.8127290606498718,26.8855393768736,0.8747707009315491,26.51449173386529,0.047236250092018255,0.9086397886276245,0.8663023710250854,/home/interns/Desktop/amit_code/targeted_experiments/geometry_family_attribution/image4_red_scarf/single_diffgeom/geometry_only_reconstruction/learned_geometry_on_reconstruction.png,/home/interns/Desktop/amit_code/targeted_experiments/geometry_family_attribution/image4_red_scarf/single_diffgeom/geometry_only_reconstruction/learned_geometry_on_reconstruction_edit.png
image4_red_scarf,image_4,Add a red scarf,single_fft,single,fft,fft,geometry_only_original,learned_geometry_on_original,0.9992265701293945,50.51305040581329,0.990489661693573,44.17907563814402,0.00618082173618068,0.9968433380126953,0.9994074106216431,/home/interns/Desktop/amit_code/targeted_experiments/geometry_family_attribution/image4_red_scarf/single_fft/geometry_only_original/learned_geometry_on_original.png,/home/interns/Desktop/amit_code/targeted_experiments/geometry_family_attribution/image4_red_scarf/single_fft/geometry_only_original/learned_geometry_on_original_edit.png
image4_red_scarf,image_4,Add a red scarf,single_fft,single,fft,fft,geometry_only_reconstruction,learned_geometry_on_reconstruction,0.8393507599830627,30.895143897668063,0.9485049843788147,34.61263494861815,0.01859380416626814,0.9831385016441345,0.9378929138183594,/home/interns/Desktop/amit_code/targeted_experiments/geometry_family_attribution/image4_red_scarf/single_fft/geometry_only_reconstruction/learned_geometry_on_reconstruction.png,/home/interns/Desktop/amit_code/targeted_experiments/geometry_family_attribution/image4_red_scarf/single_fft/geometry_only_reconstruction/learned_geometry_on_reconstruction_edit.png
image4_red_scarf,image_4,Add a red scarf,single_geodesic,single,geodesic,geodesic,geometry_only_original,learned_geometry_on_original,0.9991124272346497,56.88040569473274,0.9876954555511475,43.90797254831111,0.006376779098056638,0.995842456817627,0.9993116855621338,/home/interns/Desktop/amit_code/targeted_experiments/geometry_family_attribution/image4_red_scarf/single_geodesic/geometry_only_original/learned_geometry_on_original.png,/home/interns/Desktop/amit_code/targeted_experiments/geometry_family_attribution/image4_red_scarf/single_geodesic/geometry_only_original/learned_geometry_on_original_edit.png
image4_red_scarf,image_4,Add a red scarf,single_geodesic,single,geodesic,geodesic,geometry_only_reconstruction,learned_geometry_on_reconstruction,0.8401920795440674,30.935101287244898,0.94919353723526,34.699729027532186,0.018408294286679252,0.9845208525657654,0.9418556094169617,/home/interns/Desktop/amit_code/targeted_experiments/geometry_family_attribution/image4_red_scarf/single_geodesic/geometry_only_reconstruction/learned_geometry_on_reconstruction.png,/home/interns/Desktop/amit_code/targeted_experiments/geometry_family_attribution/image4_red_scarf/single_geodesic/geometry_only_reconstruction/learned_geometry_on_reconstruction_edit.png
image4_red_scarf,image_4,Add a red scarf,single_homography,single,homography,homography,geometry_only_original,learned_geometry_on_original,0.8843314051628113,28.301025337658277,0.8450260162353516,27.182386463709275,0.043740191168996904,0.9343141317367554,0.8960745334625244,/home/interns/Desktop/amit_code/targeted_experiments/geometry_family_attribution/image4_red_scarf/single_homography/geometry_only_original/learned_geometry_on_original.png,/home/interns/Desktop/amit_code/targeted_experiments/geometry_family_attribution/image4_red_scarf/single_homography/geometry_only_original/learned_geometry_on_original_edit.png
image4_red_scarf,image_4,Add a red scarf,single_homography,single,homography,homography,geometry_only_reconstruction,learned_geometry_on_reconstruction,0.8432489037513733,30.416740430975793,0.9275786876678467,32.31438570643459,0.024225944317637898,0.970935583114624,0.9201173782348633,/home/interns/Desktop/amit_code/targeted_experiments/geometry_family_attribution/image4_red_scarf/single_homography/geometry_only_reconstruction/learned_geometry_on_reconstruction.png,/home/interns/Desktop/amit_code/targeted_experiments/geometry_family_attribution/image4_red_scarf/single_homography/geometry_only_reconstruction/learned_geometry_on_reconstruction_edit.png
image4_red_scarf,image_4,Add a red scarf,single_laplacian,single,laplacian,laplacian,geometry_only_original,learned_geometry_on_original,0.9935202598571777,42.21424776254707,0.9667261242866516,36.68556197430243,0.014646096837275458,0.9839925765991211,0.9835797548294067,/home/interns/Desktop/amit_code/targeted_experiments/geometry_family_attribution/image4_red_scarf/single_laplacian/geometry_only_original/learned_geometry_on_original.png,/home/interns/Desktop/amit_code/targeted_experiments/geometry_family_attribution/image4_red_scarf/single_laplacian/geometry_only_original/learned_geometry_on_original_edit.png
image4_red_scarf,image_4,Add a red scarf,single_laplacian,single,laplacian,laplacian,geometry_only_reconstruction,learned_geometry_on_reconstruction,0.8454652428627014,31.02968007948537,0.9466956257820129,34.421433198745255,0.019007646219854634,0.9812946319580078,0.9291113615036011,/home/interns/Desktop/amit_code/targeted_experiments/geometry_family_attribution/image4_red_scarf/single_laplacian/geometry_only_reconstruction/learned_geometry_on_reconstruction.png,/home/interns/Desktop/amit_code/targeted_experiments/geometry_family_attribution/image4_red_scarf/single_laplacian/geometry_only_reconstruction/learned_geometry_on_reconstruction_edit.png
image4_red_scarf,image_4,Add a red scarf,single_mobius,single,mobius,mobius,geometry_only_original,learned_geometry_on_original,0.8151556849479675,26.15988538617281,0.7812058329582214,25.13065902635104,0.05539455127184426,0.9168788194656372,0.88661789894104,/home/interns/Desktop/amit_code/targeted_experiments/geometry_family_attribution/image4_red_scarf/single_mobius/geometry_only_original/learned_geometry_on_original.png,/home/interns/Desktop/amit_code/targeted_experiments/geometry_family_attribution/image4_red_scarf/single_mobius/geometry_only_original/learned_geometry_on_original_edit.png
image4_red_scarf,image_4,Add a red scarf,single_mobius,single,mobius,mobius,geometry_only_reconstruction,learned_geometry_on_reconstruction,0.8478177189826965,30.562066162600303,0.9329433441162109,32.54458441557698,0.02359232700671916,0.9619626998901367,0.9220389723777771,/home/interns/Desktop/amit_code/targeted_experiments/geometry_family_attribution/image4_red_scarf/single_mobius/geometry_only_reconstruction/learned_geometry_on_reconstruction.png,/home/interns/Desktop/amit_code/targeted_experiments/geometry_family_attribution/image4_red_scarf/single_mobius/geometry_only_reconstruction/learned_geometry_on_reconstruction_edit.png
image4_red_scarf,image_4,Add a red scarf,single_rolling,single,rolling,rolling,geometry_only_original,learned_geometry_on_original,0.9874226450920105,37.47039310195131,0.9593954086303711,34.86758467018756,0.018055967588657264,0.990584135055542,0.9884027242660522,/home/interns/Desktop/amit_code/targeted_experiments/geometry_family_attribution/image4_red_scarf/single_rolling/geometry_only_original/learned_geometry_on_original.png,/home/interns/Desktop/amit_code/targeted_experiments/geometry_family_attribution/image4_red_scarf/single_rolling/geometry_only_original/learned_geometry_on_original_edit.png
image4_red_scarf,image_4,Add a red scarf,single_rolling,single,rolling,rolling,geometry_only_reconstruction,learned_geometry_on_reconstruction,0.8399887084960938,30.80253904516555,0.9440171718597412,34.135140537640886,0.019644590180309212,0.9841130375862122,0.9356423616409302,/home/interns/Desktop/amit_code/targeted_experiments/geometry_family_attribution/image4_red_scarf/single_rolling/geometry_only_reconstruction/learned_geometry_on_reconstruction.png,/home/interns/Desktop/amit_code/targeted_experiments/geometry_family_attribution/image4_red_scarf/single_rolling/geometry_only_reconstruction/learned_geometry_on_reconstruction_edit.png
