face_id,model,prompt_slug,prompt,warp,iterations,input_ssim,input_psnr,input_mse,input_l2,output_ssim,output_psnr,output_mse,output_l2,original_path,perturbed_path,clean_edit_path,perturbed_edit_path,input_facenet_cosine,output_facenet_cosine
image_2,flux,sunglasses,Add sunglasses,all,10,0.8750889897346497,31.52365782231818,0.000704099889844656,0.026534880626161782,0.8871462345123291,29.441263477263515,0.0011372966691851616,0.03372382939681023,C:/Users/parth/Desktop/experiment/amit_code/new_images/image_2.png,C:/Users/parth/Desktop/experiment/amit_code/output_save/image_2/results/all_10/vae_latent_out.png,C:/Users/parth/Desktop/experiment/amit_code/edit_output/flux/image_2_sunglasses.png,C:/Users/parth/Desktop/experiment/amit_code/output_save/image_2/flux_output/all_10/output_sunglasses.png,0.9961242079734802,0.9900604486465454
image_2,flux,green_hair,Make hair color green,all,10,0.8750889897346497,31.52365782231818,0.000704099889844656,0.026534880626161782,0.8849945068359375,29.026886393287864,0.0012511557433754206,0.03537167996258335,C:/Users/parth/Desktop/experiment/amit_code/new_images/image_2.png,C:/Users/parth/Desktop/experiment/amit_code/output_save/image_2/results/all_10/vae_latent_out.png,C:/Users/parth/Desktop/experiment/amit_code/edit_output/flux/image_2_green_hair.png,C:/Users/parth/Desktop/experiment/amit_code/output_save/image_2/flux_output/all_10/output_green_hair.png,0.9961242079734802,0.9891418218612671
image_2,flux,sunglasses,Add sunglasses,all,100,0.90829998254776,32.584657323422086,0.000551485747564584,0.023483733680243098,0.899536669254303,28.08527059494547,0.001554078422486782,0.03942180136024712,C:/Users/parth/Desktop/experiment/amit_code/new_images/image_2.png,C:/Users/parth/Desktop/experiment/amit_code/output_save/image_2/results/all_100/vae_latent_out.png,C:/Users/parth/Desktop/experiment/amit_code/edit_output/flux/image_2_sunglasses.png,C:/Users/parth/Desktop/experiment/amit_code/output_save/image_2/flux_output/all_100/output_sunglasses.png,0.9894655346870422,0.9831721782684326
image_2,flux,green_hair,Make hair color green,all,100,0.90829998254776,32.584657323422086,0.000551485747564584,0.023483733680243098,0.883561372756958,27.69684389730925,0.0016994778998196125,0.041224724375301926,C:/Users/parth/Desktop/experiment/amit_code/new_images/image_2.png,C:/Users/parth/Desktop/experiment/amit_code/output_save/image_2/results/all_100/vae_latent_out.png,C:/Users/parth/Desktop/experiment/amit_code/edit_output/flux/image_2_green_hair.png,C:/Users/parth/Desktop/experiment/amit_code/output_save/image_2/flux_output/all_100/output_green_hair.png,0.9894655346870422,0.9778178930282593
image_2,flux,sunglasses,Add sunglasses,all,15,0.8811253905296326,31.724469871325,0.0006722845137119293,0.025928449890263962,0.8902700543403625,29.226200731702633,0.0011950331972911954,0.03456925219456151,C:/Users/parth/Desktop/experiment/amit_code/new_images/image_2.png,C:/Users/parth/Desktop/experiment/amit_code/output_save/image_2/results/all_15/vae_latent_out.png,C:/Users/parth/Desktop/experiment/amit_code/edit_output/flux/image_2_sunglasses.png,C:/Users/parth/Desktop/experiment/amit_code/output_save/image_2/flux_output/all_15/output_sunglasses.png,0.9924201965332031,0.9872796535491943
image_2,flux,green_hair,Make hair color green,all,15,0.8811253905296326,31.724469871325,0.0006722845137119293,0.025928449890263962,0.8852109909057617,28.727277667282962,0.0013405164936557412,0.036613064521502994,C:/Users/parth/Desktop/experiment/amit_code/new_images/image_2.png,C:/Users/parth/Desktop/experiment/amit_code/output_save/image_2/results/all_15/vae_latent_out.png,C:/Users/parth/Desktop/experiment/amit_code/edit_output/flux/image_2_green_hair.png,C:/Users/parth/Desktop/experiment/amit_code/output_save/image_2/flux_output/all_15/output_green_hair.png,0.9924201965332031,0.9820318818092346
image_2,flux,sunglasses,Add sunglasses,all,20,0.887476921081543,31.89300714865885,0.0006466945051215589,0.02543018885343872,0.8926019072532654,29.003138843521544,0.0012580158654600382,0.03546851935815813,C:/Users/parth/Desktop/experiment/amit_code/new_images/image_2.png,C:/Users/parth/Desktop/experiment/amit_code/output_save/image_2/results/all_20/vae_latent_out.png,C:/Users/parth/Desktop/experiment/amit_code/edit_output/flux/image_2_sunglasses.png,C:/Users/parth/Desktop/experiment/amit_code/output_save/image_2/flux_output/all_20/output_sunglasses.png,0.991543173789978,0.984573245048523
image_2,flux,green_hair,Make hair color green,all,20,0.887476921081543,31.89300714865885,0.0006466945051215589,0.02543018885343872,0.8880617022514343,28.951129108670752,0.0012731720926240087,0.0356815371393107,C:/Users/parth/Desktop/experiment/amit_code/new_images/image_2.png,C:/Users/parth/Desktop/experiment/amit_code/output_save/image_2/results/all_20/vae_latent_out.png,C:/Users/parth/Desktop/experiment/amit_code/edit_output/flux/image_2_green_hair.png,C:/Users/parth/Desktop/experiment/amit_code/output_save/image_2/flux_output/all_20/output_green_hair.png,0.991543173789978,0.977330207824707
image_2,flux,sunglasses,Add sunglasses,all,50,0.9007938504219055,32.31812666041213,0.0005863910773769021,0.024215513155349446,0.900740385055542,28.898011593810956,0.001288839615881443,0.035900412475087844,C:/Users/parth/Desktop/experiment/amit_code/new_images/image_2.png,C:/Users/parth/Desktop/experiment/amit_code/output_save/image_2/results/all_50/vae_latent_out.png,C:/Users/parth/Desktop/experiment/amit_code/edit_output/flux/image_2_sunglasses.png,C:/Users/parth/Desktop/experiment/amit_code/output_save/image_2/flux_output/all_50/output_sunglasses.png,0.9893414378166199,0.9829657077789307
image_2,flux,green_hair,Make hair color green,all,50,0.9007938504219055,32.31812666041213,0.0005863910773769021,0.024215513155349446,0.8877794146537781,28.238314667545417,0.0015002669533714652,0.038733279661958206,C:/Users/parth/Desktop/experiment/amit_code/new_images/image_2.png,C:/Users/parth/Desktop/experiment/amit_code/output_save/image_2/results/all_50/vae_latent_out.png,C:/Users/parth/Desktop/experiment/amit_code/edit_output/flux/image_2_green_hair.png,C:/Users/parth/Desktop/experiment/amit_code/output_save/image_2/flux_output/all_50/output_green_hair.png,0.9893414378166199,0.9771603345870972
image_2,flux,sunglasses,Add sunglasses,all,75,0.9055578112602234,32.465460341927724,0.000566831324249506,0.023808219678285607,0.8997368216514587,28.361993030610577,0.0014581452123820782,0.03818566763043535,C:/Users/parth/Desktop/experiment/amit_code/new_images/image_2.png,C:/Users/parth/Desktop/experiment/amit_code/output_save/image_2/results/all_75/vae_latent_out.png,C:/Users/parth/Desktop/experiment/amit_code/edit_output/flux/image_2_sunglasses.png,C:/Users/parth/Desktop/experiment/amit_code/output_save/image_2/flux_output/all_75/output_sunglasses.png,0.9887754917144775,0.9823769330978394
image_2,flux,green_hair,Make hair color green,all,75,0.9055578112602234,32.465460341927724,0.000566831324249506,0.023808219678285607,0.8858373761177063,27.869234085915817,0.0016333400271832943,0.040414601658104884,C:/Users/parth/Desktop/experiment/amit_code/new_images/image_2.png,C:/Users/parth/Desktop/experiment/amit_code/output_save/image_2/results/all_75/vae_latent_out.png,C:/Users/parth/Desktop/experiment/amit_code/edit_output/flux/image_2_green_hair.png,C:/Users/parth/Desktop/experiment/amit_code/output_save/image_2/flux_output/all_75/output_green_hair.png,0.9887754917144775,0.9780694842338562
image_2,flux,sunglasses,Add sunglasses,bspline,10,0.8769960999488831,31.56768240026358,0.000696998497005552,0.02640072909988571,0.8887782692909241,29.464693771210708,0.001131177064962685,0.03363297585648176,C:/Users/parth/Desktop/experiment/amit_code/new_images/image_2.png,C:/Users/parth/Desktop/experiment/amit_code/output_save/image_2/results/bspline_10/vae_latent_out.png,C:/Users/parth/Desktop/experiment/amit_code/edit_output/flux/image_2_sunglasses.png,C:/Users/parth/Desktop/experiment/amit_code/output_save/image_2/flux_output/bspline_10/output_sunglasses.png,0.9955421090126038,0.9897042512893677
image_2,flux,green_hair,Make hair color green,bspline,10,0.8769960999488831,31.56768240026358,0.000696998497005552,0.02640072909988571,0.8839083313941956,28.86184650218503,0.0012996169971302152,0.03605020106920647,C:/Users/parth/Desktop/experiment/amit_code/new_images/image_2.png,C:/Users/parth/Desktop/experiment/amit_code/output_save/image_2/results/bspline_10/vae_latent_out.png,C:/Users/parth/Desktop/experiment/amit_code/edit_output/flux/image_2_green_hair.png,C:/Users/parth/Desktop/experiment/amit_code/output_save/image_2/flux_output/bspline_10/output_green_hair.png,0.9955421090126038,0.9874374270439148
image_2,flux,sunglasses,Add sunglasses,bspline,100,0.9123453497886658,32.759588175262884,0.0005297137540765107,0.023015511162616194,0.9021729826927185,27.90136608468632,0.0016213002381846309,0.040265372693974046,C:/Users/parth/Desktop/experiment/amit_code/new_images/image_2.png,C:/Users/parth/Desktop/experiment/amit_code/output_save/image_2/results/bspline_100/vae_latent_out.png,C:/Users/parth/Desktop/experiment/amit_code/edit_output/flux/image_2_sunglasses.png,C:/Users/parth/Desktop/experiment/amit_code/output_save/image_2/flux_output/bspline_100/output_sunglasses.png,0.9946666955947876,0.9902409315109253
image_2,flux,green_hair,Make hair color green,bspline,100,0.9123453497886658,32.759588175262884,0.0005297137540765107,0.023015511162616194,0.8882504105567932,27.528698521082838,0.001766567467711866,0.04203055397817004,C:/Users/parth/Desktop/experiment/amit_code/new_images/image_2.png,C:/Users/parth/Desktop/experiment/amit_code/output_save/image_2/results/bspline_100/vae_latent_out.png,C:/Users/parth/Desktop/experiment/amit_code/edit_output/flux/image_2_green_hair.png,C:/Users/parth/Desktop/experiment/amit_code/output_save/image_2/flux_output/bspline_100/output_green_hair.png,0.9946666955947876,0.9830862283706665
image_2,flux,sunglasses,Add sunglasses,bspline,15,0.8843016624450684,31.73112130709592,0.0006712554022669792,0.025908597072535195,0.8922755718231201,29.18531534055854,0.0012063366593793035,0.0347323575269417,C:/Users/parth/Desktop/experiment/amit_code/new_images/image_2.png,C:/Users/parth/Desktop/experiment/amit_code/output_save/image_2/results/bspline_15/vae_latent_out.png,C:/Users/parth/Desktop/experiment/amit_code/edit_output/flux/image_2_sunglasses.png,C:/Users/parth/Desktop/experiment/amit_code/output_save/image_2/flux_output/bspline_15/output_sunglasses.png,0.9947016835212708,0.9885884523391724
image_2,flux,green_hair,Make hair color green,bspline,15,0.8843016624450684,31.73112130709592,0.0006712554022669792,0.025908597072535195,0.8862349390983582,28.891595953426187,0.0012907448690384626,0.03592693793017243,C:/Users/parth/Desktop/experiment/amit_code/new_images/image_2.png,C:/Users/parth/Desktop/experiment/amit_code/output_save/image_2/results/bspline_15/vae_latent_out.png,C:/Users/parth/Desktop/experiment/amit_code/edit_output/flux/image_2_green_hair.png,C:/Users/parth/Desktop/experiment/amit_code/output_save/image_2/flux_output/bspline_15/output_green_hair.png,0.9947016835212708,0.9835087656974792
image_2,flux,sunglasses,Add sunglasses,bspline,20,0.8895336985588074,31.85187233763802,0.0006528489175252616,0.0255509083502967,0.8935329914093018,28.767760433535518,0.0013280791463330388,0.03644282023023244,C:/Users/parth/Desktop/experiment/amit_code/new_images/image_2.png,C:/Users/parth/Desktop/experiment/amit_code/output_save/image_2/results/bspline_20/vae_latent_out.png,C:/Users/parth/Desktop/experiment/amit_code/edit_output/flux/image_2_sunglasses.png,C:/Users/parth/Desktop/experiment/amit_code/output_save/image_2/flux_output/bspline_20/output_sunglasses.png,0.994240939617157,0.9851949214935303
image_2,flux,green_hair,Make hair color green,bspline,20,0.8895336985588074,31.85187233763802,0.0006528489175252616,0.0255509083502967,0.8859466910362244,28.888699045368043,0.0012916065752506256,0.035938928409882026,C:/Users/parth/Desktop/experiment/amit_code/new_images/image_2.png,C:/Users/parth/Desktop/experiment/amit_code/output_save/image_2/results/bspline_20/vae_latent_out.png,C:/Users/parth/Desktop/experiment/amit_code/edit_output/flux/image_2_green_hair.png,C:/Users/parth/Desktop/experiment/amit_code/output_save/image_2/flux_output/bspline_20/output_green_hair.png,0.994240939617157,0.9810727834701538
image_2,flux,sunglasses,Add sunglasses,bspline,50,0.9046115875244141,32.31921894487636,0.0005862435791641474,0.02421246743238176,0.9021304249763489,28.33451820310572,0.0014673987170681357,0.03830664063929563,C:/Users/parth/Desktop/experiment/amit_code/new_images/image_2.png,C:/Users/parth/Desktop/experiment/amit_code/output_save/image_2/results/bspline_50/vae_latent_out.png,C:/Users/parth/Desktop/experiment/amit_code/edit_output/flux/image_2_sunglasses.png,C:/Users/parth/Desktop/experiment/amit_code/output_save/image_2/flux_output/bspline_50/output_sunglasses.png,0.9939512610435486,0.9885420203208923
image_2,flux,green_hair,Make hair color green,bspline,50,0.9046115875244141,32.31921894487636,0.0005862435791641474,0.02421246743238176,0.8899375796318054,27.918893503477573,0.0016147700371220708,0.04018420133736729,C:/Users/parth/Desktop/experiment/amit_code/new_images/image_2.png,C:/Users/parth/Desktop/experiment/amit_code/output_save/image_2/results/bspline_50/vae_latent_out.png,C:/Users/parth/Desktop/experiment/amit_code/edit_output/flux/image_2_green_hair.png,C:/Users/parth/Desktop/experiment/amit_code/output_save/image_2/flux_output/bspline_50/output_green_hair.png,0.9939512610435486,0.9824962615966797
image_2,flux,sunglasses,Add sunglasses,bspline,75,0.909553587436676,32.58479700027594,0.0005514679942280054,0.02348335568499539,0.9013615250587463,28.010879500952406,0.0015809276374056935,0.0397608807423288,C:/Users/parth/Desktop/experiment/amit_code/new_images/image_2.png,C:/Users/parth/Desktop/experiment/amit_code/output_save/image_2/results/bspline_75/vae_latent_out.png,C:/Users/parth/Desktop/experiment/amit_code/edit_output/flux/image_2_sunglasses.png,C:/Users/parth/Desktop/experiment/amit_code/output_save/image_2/flux_output/bspline_75/output_sunglasses.png,0.99430251121521,0.9885289669036865
image_2,flux,green_hair,Make hair color green,bspline,75,0.909553587436676,32.58479700027594,0.0005514679942280054,0.02348335568499539,0.8858780860900879,27.48829839084341,0.0017830774886533618,0.04222650220718455,C:/Users/parth/Desktop/experiment/amit_code/new_images/image_2.png,C:/Users/parth/Desktop/experiment/amit_code/output_save/image_2/results/bspline_75/vae_latent_out.png,C:/Users/parth/Desktop/experiment/amit_code/edit_output/flux/image_2_green_hair.png,C:/Users/parth/Desktop/experiment/amit_code/output_save/image_2/flux_output/bspline_75/output_green_hair.png,0.99430251121521,0.980944037437439
image_2,instruct,sunglasses,Add sunglasses,all,10,0.8750889897346497,31.52365782231818,0.000704099889844656,0.026534880626161782,0.9195926785469055,31.377363461822306,0.0007282218430191278,0.026985585837982613,C:/Users/parth/Desktop/experiment/amit_code/new_images/image_2.png,C:/Users/parth/Desktop/experiment/amit_code/output_save/image_2/results/all_10/vae_latent_out.png,C:/Users/parth/Desktop/experiment/amit_code/edit_output/instruct/image_2_sunglasses.png,C:/Users/parth/Desktop/experiment/amit_code/output_save/image_2/instruct_output/all_10/output_sunglasses.png,0.9961242079734802,0.9952506422996521
image_2,instruct,green_hair,Make hair color green,all,10,0.8750889897346497,31.52365782231818,0.000704099889844656,0.026534880626161782,0.8871801495552063,22.72456879216157,0.005340022966265678,0.07307546076670114,C:/Users/parth/Desktop/experiment/amit_code/new_images/image_2.png,C:/Users/parth/Desktop/experiment/amit_code/output_save/image_2/results/all_10/vae_latent_out.png,C:/Users/parth/Desktop/experiment/amit_code/edit_output/instruct/image_2_green_hair.png,C:/Users/parth/Desktop/experiment/amit_code/output_save/image_2/instruct_output/all_10/output_green_hair.png,0.9961242079734802,0.991771399974823
image_2,instruct,sunglasses,Add sunglasses,all,100,0.90829998254776,32.584657323422086,0.000551485747564584,0.023483733680243098,0.8871142864227295,29.375566756162684,0.0011546314926818013,0.03397986893267543,C:/Users/parth/Desktop/experiment/amit_code/new_images/image_2.png,C:/Users/parth/Desktop/experiment/amit_code/output_save/image_2/results/all_100/vae_latent_out.png,C:/Users/parth/Desktop/experiment/amit_code/edit_output/instruct/image_2_sunglasses.png,C:/Users/parth/Desktop/experiment/amit_code/output_save/image_2/instruct_output/all_100/output_sunglasses.png,0.9894655346870422,0.9925298690795898
image_2,instruct,green_hair,Make hair color green,all,100,0.90829998254776,32.584657323422086,0.000551485747564584,0.023483733680243098,0.8561503887176514,22.30118380717082,0.005886831786483526,0.07672569182798893,C:/Users/parth/Desktop/experiment/amit_code/new_images/image_2.png,C:/Users/parth/Desktop/experiment/amit_code/output_save/image_2/results/all_100/vae_latent_out.png,C:/Users/parth/Desktop/experiment/amit_code/edit_output/instruct/image_2_green_hair.png,C:/Users/parth/Desktop/experiment/amit_code/output_save/image_2/instruct_output/all_100/output_green_hair.png,0.9894655346870422,0.9873332977294922
image_2,instruct,sunglasses,Add sunglasses,all,15,0.8811253905296326,31.724469871325,0.0006722845137119293,0.025928449890263962,0.911627471446991,30.942276720703745,0.00080495624570176,0.028371750839554476,C:/Users/parth/Desktop/experiment/amit_code/new_images/image_2.png,C:/Users/parth/Desktop/experiment/amit_code/output_save/image_2/results/all_15/vae_latent_out.png,C:/Users/parth/Desktop/experiment/amit_code/edit_output/instruct/image_2_sunglasses.png,C:/Users/parth/Desktop/experiment/amit_code/output_save/image_2/instruct_output/all_15/output_sunglasses.png,0.9924201965332031,0.9910175204277039
image_2,instruct,green_hair,Make hair color green,all,15,0.8811253905296326,31.724469871325,0.0006722845137119293,0.025928449890263962,0.8797599673271179,22.42971154013692,0.005715165752917528,0.07559871528615766,C:/Users/parth/Desktop/experiment/amit_code/new_images/image_2.png,C:/Users/parth/Desktop/experiment/amit_code/output_save/image_2/results/all_15/vae_latent_out.png,C:/Users/parth/Desktop/experiment/amit_code/edit_output/instruct/image_2_green_hair.png,C:/Users/parth/Desktop/experiment/amit_code/output_save/image_2/instruct_output/all_15/output_green_hair.png,0.9924201965332031,0.9890003800392151
image_2,instruct,sunglasses,Add sunglasses,all,20,0.887476921081543,31.89300714865885,0.0006466945051215589,0.02543018885343872,0.9062435626983643,30.47303555866224,0.0008968017646111548,0.029946648637387704,C:/Users/parth/Desktop/experiment/amit_code/new_images/image_2.png,C:/Users/parth/Desktop/experiment/amit_code/output_save/image_2/results/all_20/vae_latent_out.png,C:/Users/parth/Desktop/experiment/amit_code/edit_output/instruct/image_2_sunglasses.png,C:/Users/parth/Desktop/experiment/amit_code/output_save/image_2/instruct_output/all_20/output_sunglasses.png,0.991543173789978,0.9892574548721313
image_2,instruct,green_hair,Make hair color green,all,20,0.887476921081543,31.89300714865885,0.0006466945051215589,0.02543018885343872,0.8753758072853088,22.42810783795465,0.005717277992516756,0.07561268407163414,C:/Users/parth/Desktop/experiment/amit_code/new_images/image_2.png,C:/Users/parth/Desktop/experiment/amit_code/output_save/image_2/results/all_20/vae_latent_out.png,C:/Users/parth/Desktop/experiment/amit_code/edit_output/instruct/image_2_green_hair.png,C:/Users/parth/Desktop/experiment/amit_code/output_save/image_2/instruct_output/all_20/output_green_hair.png,0.991543173789978,0.9862741231918335
image_2,instruct,sunglasses,Add sunglasses,all,50,0.9007938504219055,32.31812666041213,0.0005863910773769021,0.024215513155349446,0.8971708416938782,29.857789958571622,0.0010332869132980704,0.032144780498520605,C:/Users/parth/Desktop/experiment/amit_code/new_images/image_2.png,C:/Users/parth/Desktop/experiment/amit_code/output_save/image_2/results/all_50/vae_latent_out.png,C:/Users/parth/Desktop/experiment/amit_code/edit_output/instruct/image_2_sunglasses.png,C:/Users/parth/Desktop/experiment/amit_code/output_save/image_2/instruct_output/all_50/output_sunglasses.png,0.9893414378166199,0.9899052977561951
image_2,instruct,green_hair,Make hair color green,all,50,0.9007938504219055,32.31812666041213,0.0005863910773769021,0.024215513155349446,0.8663240075111389,22.415751398566385,0.005733568221330643,0.07572032898324361,C:/Users/parth/Desktop/experiment/amit_code/new_images/image_2.png,C:/Users/parth/Desktop/experiment/amit_code/output_save/image_2/results/all_50/vae_latent_out.png,C:/Users/parth/Desktop/experiment/amit_code/edit_output/instruct/image_2_green_hair.png,C:/Users/parth/Desktop/experiment/amit_code/output_save/image_2/instruct_output/all_50/output_green_hair.png,0.9893414378166199,0.9872497320175171
image_2,instruct,sunglasses,Add sunglasses,all,75,0.9055578112602234,32.465460341927724,0.000566831324249506,0.023808219678285607,0.891353189945221,29.499369552794246,0.0011221813037991524,0.0334989746678783,C:/Users/parth/Desktop/experiment/amit_code/new_images/image_2.png,C:/Users/parth/Desktop/experiment/amit_code/output_save/image_2/results/all_75/vae_latent_out.png,C:/Users/parth/Desktop/experiment/amit_code/edit_output/instruct/image_2_sunglasses.png,C:/Users/parth/Desktop/experiment/amit_code/output_save/image_2/instruct_output/all_75/output_sunglasses.png,0.9887754917144775,0.9913935661315918
image_2,instruct,green_hair,Make hair color green,all,75,0.9055578112602234,32.465460341927724,0.000566831324249506,0.023808219678285607,0.8592745661735535,22.2390297030601,0.005971686914563179,0.07727669062895473,C:/Users/parth/Desktop/experiment/amit_code/new_images/image_2.png,C:/Users/parth/Desktop/experiment/amit_code/output_save/image_2/results/all_75/vae_latent_out.png,C:/Users/parth/Desktop/experiment/amit_code/edit_output/instruct/image_2_green_hair.png,C:/Users/parth/Desktop/experiment/amit_code/output_save/image_2/instruct_output/all_75/output_green_hair.png,0.9887754917144775,0.9881094098091125
image_2,instruct,sunglasses,Add sunglasses,bspline,10,0.8769960999488831,31.56768240026358,0.000696998497005552,0.02640072909988571,0.9167072772979736,31.184268711916676,0.0007613301859237254,0.02759221241444269,C:/Users/parth/Desktop/experiment/amit_code/new_images/image_2.png,C:/Users/parth/Desktop/experiment/amit_code/output_save/image_2/results/bspline_10/vae_latent_out.png,C:/Users/parth/Desktop/experiment/amit_code/edit_output/instruct/image_2_sunglasses.png,C:/Users/parth/Desktop/experiment/amit_code/output_save/image_2/instruct_output/bspline_10/output_sunglasses.png,0.9955421090126038,0.9946014285087585
image_2,instruct,green_hair,Make hair color green,bspline,10,0.8769960999488831,31.56768240026358,0.000696998497005552,0.02640072909988571,0.8845152258872986,22.686956234427736,0.005386470351368189,0.0733925769500444,C:/Users/parth/Desktop/experiment/amit_code/new_images/image_2.png,C:/Users/parth/Desktop/experiment/amit_code/output_save/image_2/results/bspline_10/vae_latent_out.png,C:/Users/parth/Desktop/experiment/amit_code/edit_output/instruct/image_2_green_hair.png,C:/Users/parth/Desktop/experiment/amit_code/output_save/image_2/instruct_output/bspline_10/output_green_hair.png,0.9955421090126038,0.9907517433166504
image_2,instruct,sunglasses,Add sunglasses,bspline,100,0.9123453497886658,32.759588175262884,0.0005297137540765107,0.023015511162616194,0.8766756057739258,28.165651619468704,0.0015255794860422611,0.039058667233307656,C:/Users/parth/Desktop/experiment/amit_code/new_images/image_2.png,C:/Users/parth/Desktop/experiment/amit_code/output_save/image_2/results/bspline_100/vae_latent_out.png,C:/Users/parth/Desktop/experiment/amit_code/edit_output/instruct/image_2_sunglasses.png,C:/Users/parth/Desktop/experiment/amit_code/output_save/image_2/instruct_output/bspline_100/output_sunglasses.png,0.9946666955947876,0.9957388043403625
image_2,instruct,green_hair,Make hair color green,bspline,100,0.9123453497886658,32.759588175262884,0.0005297137540765107,0.023015511162616194,0.851311206817627,22.592234834837402,0.005505243316292763,0.07419732688104581,C:/Users/parth/Desktop/experiment/amit_code/new_images/image_2.png,C:/Users/parth/Desktop/experiment/amit_code/output_save/image_2/results/bspline_100/vae_latent_out.png,C:/Users/parth/Desktop/experiment/amit_code/edit_output/instruct/image_2_green_hair.png,C:/Users/parth/Desktop/experiment/amit_code/output_save/image_2/instruct_output/bspline_100/output_green_hair.png,0.9946666955947876,0.9884886741638184
image_2,instruct,sunglasses,Add sunglasses,bspline,15,0.8843016624450684,31.73112130709592,0.0006712554022669792,0.025908597072535195,0.9075348973274231,30.4880970389525,0.0008936969097703695,0.02989476391896028,C:/Users/parth/Desktop/experiment/amit_code/new_images/image_2.png,C:/Users/parth/Desktop/experiment/amit_code/output_save/image_2/results/bspline_15/vae_latent_out.png,C:/Users/parth/Desktop/experiment/amit_code/edit_output/instruct/image_2_sunglasses.png,C:/Users/parth/Desktop/experiment/amit_code/output_save/image_2/instruct_output/bspline_15/output_sunglasses.png,0.9947016835212708,0.9931986927986145
image_2,instruct,green_hair,Make hair color green,bspline,15,0.8843016624450684,31.73112130709592,0.0006712554022669792,0.025908597072535195,0.876124918460846,22.508878282100454,0.005611928645521402,0.07491280695262595,C:/Users/parth/Desktop/experiment/amit_code/new_images/image_2.png,C:/Users/parth/Desktop/experiment/amit_code/output_save/image_2/results/bspline_15/vae_latent_out.png,C:/Users/parth/Desktop/experiment/amit_code/edit_output/instruct/image_2_green_hair.png,C:/Users/parth/Desktop/experiment/amit_code/output_save/image_2/instruct_output/bspline_15/output_green_hair.png,0.9947016835212708,0.9886155128479004
image_2,instruct,sunglasses,Add sunglasses,bspline,20,0.8895336985588074,31.85187233763802,0.0006528489175252616,0.0255509083502967,0.9028918743133545,30.14259456334958,0.0009676996269263327,0.031107870819558396,C:/Users/parth/Desktop/experiment/amit_code/new_images/image_2.png,C:/Users/parth/Desktop/experiment/amit_code/output_save/image_2/results/bspline_20/vae_latent_out.png,C:/Users/parth/Desktop/experiment/amit_code/edit_output/instruct/image_2_sunglasses.png,C:/Users/parth/Desktop/experiment/amit_code/output_save/image_2/instruct_output/bspline_20/output_sunglasses.png,0.994240939617157,0.9926683306694031
image_2,instruct,green_hair,Make hair color green,bspline,20,0.8895336985588074,31.85187233763802,0.0006528489175252616,0.0255509083502967,0.8724991679191589,22.548979823124707,0.005560347344726324,0.07456773662064797,C:/Users/parth/Desktop/experiment/amit_code/new_images/image_2.png,C:/Users/parth/Desktop/experiment/amit_code/output_save/image_2/results/bspline_20/vae_latent_out.png,C:/Users/parth/Desktop/experiment/amit_code/edit_output/instruct/image_2_green_hair.png,C:/Users/parth/Desktop/experiment/amit_code/output_save/image_2/instruct_output/bspline_20/output_green_hair.png,0.994240939617157,0.9868556261062622
image_2,instruct,sunglasses,Add sunglasses,bspline,50,0.9046115875244141,32.31921894487636,0.0005862435791641474,0.02421246743238176,0.8905569911003113,29.14681751176505,0.0012170773698017001,0.03488663597714317,C:/Users/parth/Desktop/experiment/amit_code/new_images/image_2.png,C:/Users/parth/Desktop/experiment/amit_code/output_save/image_2/results/bspline_50/vae_latent_out.png,C:/Users/parth/Desktop/experiment/amit_code/edit_output/instruct/image_2_sunglasses.png,C:/Users/parth/Desktop/experiment/amit_code/output_save/image_2/instruct_output/bspline_50/output_sunglasses.png,0.9939512610435486,0.9953213334083557
image_2,instruct,green_hair,Make hair color green,bspline,50,0.9046115875244141,32.31921894487636,0.0005862435791641474,0.02421246743238176,0.8616343140602112,22.52135240003453,0.005595832597464323,0.07480529792377223,C:/Users/parth/Desktop/experiment/amit_code/new_images/image_2.png,C:/Users/parth/Desktop/experiment/amit_code/output_save/image_2/results/bspline_50/vae_latent_out.png,C:/Users/parth/Desktop/experiment/amit_code/edit_output/instruct/image_2_green_hair.png,C:/Users/parth/Desktop/experiment/amit_code/output_save/image_2/instruct_output/bspline_50/output_green_hair.png,0.9939512610435486,0.9887581467628479
image_2,instruct,sunglasses,Add sunglasses,bspline,75,0.909553587436676,32.58479700027594,0.0005514679942280054,0.02348335568499539,0.8828409314155579,28.69792241188538,0.0013496082974597812,0.03673701535862407,C:/Users/parth/Desktop/experiment/amit_code/new_images/image_2.png,C:/Users/parth/Desktop/experiment/amit_code/output_save/image_2/results/bspline_75/vae_latent_out.png,C:/Users/parth/Desktop/experiment/amit_code/edit_output/instruct/image_2_sunglasses.png,C:/Users/parth/Desktop/experiment/amit_code/output_save/image_2/instruct_output/bspline_75/output_sunglasses.png,0.99430251121521,0.9967077970504761
image_2,instruct,green_hair,Make hair color green,bspline,75,0.909553587436676,32.58479700027594,0.0005514679942280054,0.02348335568499539,0.8552618026733398,22.49311339301665,0.005632337648421526,0.0750489017136262,C:/Users/parth/Desktop/experiment/amit_code/new_images/image_2.png,C:/Users/parth/Desktop/experiment/amit_code/output_save/image_2/results/bspline_75/vae_latent_out.png,C:/Users/parth/Desktop/experiment/amit_code/edit_output/instruct/image_2_green_hair.png,C:/Users/parth/Desktop/experiment/amit_code/output_save/image_2/instruct_output/bspline_75/output_green_hair.png,0.99430251121521,0.9885921478271484
image_3,flux,sunglasses,Add sunglasses,all,10,0.9114376902580261,33.02703218901389,0.0004980773665010929,0.022317646975008206,0.9318339824676514,31.973186390474183,0.0006348650786094368,0.02519652909845792,C:/Users/parth/Desktop/experiment/amit_code/new_images/image_3.png,C:/Users/parth/Desktop/experiment/amit_code/output_save/image_3/results/all_10/vae_latent_out.png,C:/Users/parth/Desktop/experiment/amit_code/edit_output/flux/image_3_sunglasses.png,C:/Users/parth/Desktop/experiment/amit_code/output_save/image_3/flux_output/all_10/output_sunglasses.png,0.998123288154602,0.9968541860580444
image_3,flux,green_hair,Make hair color green,all,10,0.9114376902580261,33.02703218901389,0.0004980773665010929,0.022317646975008206,0.8936212062835693,27.598779975025533,0.0017382889054715633,0.041692792008590204,C:/Users/parth/Desktop/experiment/amit_code/new_images/image_3.png,C:/Users/parth/Desktop/experiment/amit_code/output_save/image_3/results/all_10/vae_latent_out.png,C:/Users/parth/Desktop/experiment/amit_code/edit_output/flux/image_3_green_hair.png,C:/Users/parth/Desktop/experiment/amit_code/output_save/image_3/flux_output/all_10/output_green_hair.png,0.998123288154602,0.9946860074996948
image_3,flux,sunglasses,Add sunglasses,all,15,0.9114373326301575,33.027015990745234,0.0004980791127309203,0.022317686097149955,0.9319071769714355,31.90108722012883,0.0006454926333390176,0.02540654705659582,C:/Users/parth/Desktop/experiment/amit_code/new_images/image_3.png,C:/Users/parth/Desktop/experiment/amit_code/output_save/image_3/results/all_15/vae_latent_out.png,C:/Users/parth/Desktop/experiment/amit_code/edit_output/flux/image_3_sunglasses.png,C:/Users/parth/Desktop/experiment/amit_code/output_save/image_3/flux_output/all_15/output_sunglasses.png,0.9981293082237244,0.9968981742858887
image_3,flux,green_hair,Make hair color green,all,15,0.9114373326301575,33.027015990745234,0.0004980791127309203,0.022317686097149955,0.8938453197479248,27.62097761021353,0.0017294269055128098,0.04158637884587704,C:/Users/parth/Desktop/experiment/amit_code/new_images/image_3.png,C:/Users/parth/Desktop/experiment/amit_code/output_save/image_3/results/all_15/vae_latent_out.png,C:/Users/parth/Desktop/experiment/amit_code/edit_output/flux/image_3_green_hair.png,C:/Users/parth/Desktop/experiment/amit_code/output_save/image_3/flux_output/all_15/output_green_hair.png,0.9981293082237244,0.9947638511657715
image_3,flux,sunglasses,Add sunglasses,all,50,0.9114405512809753,33.02698188934205,0.0004980831290595233,0.022317776077815713,0.9317099452018738,31.84896558856201,0.0006532862316817045,0.025559464620404405,C:/Users/parth/Desktop/experiment/amit_code/new_images/image_3.png,C:/Users/parth/Desktop/experiment/amit_code/output_save/image_3/results/all_50/vae_latent_out.png,C:/Users/parth/Desktop/experiment/amit_code/edit_output/flux/image_3_sunglasses.png,C:/Users/parth/Desktop/experiment/amit_code/output_save/image_3/flux_output/all_50/output_sunglasses.png,0.9981235265731812,0.9966405034065247
image_3,flux,green_hair,Make hair color green,all,50,0.9114405512809753,33.02698188934205,0.0004980831290595233,0.022317776077815713,0.8939390182495117,27.635595211375346,0.0017236159183084965,0.04151645358539788,C:/Users/parth/Desktop/experiment/amit_code/new_images/image_3.png,C:/Users/parth/Desktop/experiment/amit_code/output_save/image_3/results/all_50/vae_latent_out.png,C:/Users/parth/Desktop/experiment/amit_code/edit_output/flux/image_3_green_hair.png,C:/Users/parth/Desktop/experiment/amit_code/output_save/image_3/flux_output/all_50/output_green_hair.png,0.9981235265731812,0.9946691989898682
image_3,flux,sunglasses,Add sunglasses,bspline,10,0.9295437335968018,33.96755772150732,0.00040109214023686945,0.020027284894285333,0.9444594979286194,32.94112742942728,0.0005080275004729629,0.022539465399005428,C:/Users/parth/Desktop/experiment/amit_code/new_images/image_3.png,C:/Users/parth/Desktop/experiment/amit_code/output_save/image_3/results/bspline_10/vae_latent_out.png,C:/Users/parth/Desktop/experiment/amit_code/edit_output/flux/image_3_sunglasses.png,C:/Users/parth/Desktop/experiment/amit_code/output_save/image_3/flux_output/bspline_10/output_sunglasses.png,0.9984164834022522,0.9982600808143616
image_3,flux,green_hair,Make hair color green,bspline,10,0.9295437335968018,33.96755772150732,0.00040109214023686945,0.020027284894285333,0.9060503840446472,27.661368700929742,0.0017134173540398479,0.041393445786016024,C:/Users/parth/Desktop/experiment/amit_code/new_images/image_3.png,C:/Users/parth/Desktop/experiment/amit_code/output_save/image_3/results/bspline_10/vae_latent_out.png,C:/Users/parth/Desktop/experiment/amit_code/edit_output/flux/image_3_green_hair.png,C:/Users/parth/Desktop/experiment/amit_code/output_save/image_3/flux_output/bspline_10/output_green_hair.png,0.9984164834022522,0.9954261779785156
image_3,flux,sunglasses,Add sunglasses,bspline,100,0.91144198179245,33.02774650808217,0.0004979954683221877,0.02231581206952119,0.9319646954536438,31.99266006434698,0.0006320245447568595,0.025140098344216148,C:/Users/parth/Desktop/experiment/amit_code/new_images/image_3.png,C:/Users/parth/Desktop/experiment/amit_code/output_save/image_3/results/bspline_100/vae_latent_out.png,C:/Users/parth/Desktop/experiment/amit_code/edit_output/flux/image_3_sunglasses.png,C:/Users/parth/Desktop/experiment/amit_code/output_save/image_3/flux_output/bspline_100/output_sunglasses.png,0.9981309771537781,0.9969803094863892
image_3,flux,green_hair,Make hair color green,bspline,100,0.91144198179245,33.02774650808217,0.0004979954683221877,0.02231581206952119,0.8937909603118896,27.61141602330936,0.0017332383431494236,0.04163217917848432,C:/Users/parth/Desktop/experiment/amit_code/new_images/image_3.png,C:/Users/parth/Desktop/experiment/amit_code/output_save/image_3/results/bspline_100/vae_latent_out.png,C:/Users/parth/Desktop/experiment/amit_code/edit_output/flux/image_3_green_hair.png,C:/Users/parth/Desktop/experiment/amit_code/output_save/image_3/flux_output/bspline_100/output_green_hair.png,0.9981309771537781,0.9947612285614014
image_3,flux,sunglasses,Add sunglasses,bspline,15,0.9334051012992859,34.1529165800263,0.00038433363079093397,0.01960442885653479,0.9465439915657043,33.101726091788336,0.0004895843449048698,0.02212655293770066,C:/Users/parth/Desktop/experiment/amit_code/new_images/image_3.png,C:/Users/parth/Desktop/experiment/amit_code/output_save/image_3/results/bspline_15/vae_latent_out.png,C:/Users/parth/Desktop/experiment/amit_code/edit_output/flux/image_3_sunglasses.png,C:/Users/parth/Desktop/experiment/amit_code/output_save/image_3/flux_output/bspline_15/output_sunglasses.png,0.9982959032058716,0.9981764554977417
image_3,flux,green_hair,Make hair color green,bspline,15,0.9334051012992859,34.1529165800263,0.00038433363079093397,0.01960442885653479,0.9080278873443604,27.711988812321515,0.0016935616731643677,0.041152906011172136,C:/Users/parth/Desktop/experiment/amit_code/new_images/image_3.png,C:/Users/parth/Desktop/experiment/amit_code/output_save/image_3/results/bspline_15/vae_latent_out.png,C:/Users/parth/Desktop/experiment/amit_code/edit_output/flux/image_3_green_hair.png,C:/Users/parth/Desktop/experiment/amit_code/output_save/image_3/flux_output/bspline_15/output_green_hair.png,0.9982959032058716,0.995099663734436
image_3,flux,sunglasses,Add sunglasses,bspline,20,0.9361642003059387,34.30299540866356,0.0003712790785357356,0.019268603440201253,0.9482480883598328,33.17281555825257,0.00048163547762669623,0.021946195060344658,C:/Users/parth/Desktop/experiment/amit_code/new_images/image_3.png,C:/Users/parth/Desktop/experiment/amit_code/output_save/image_3/results/bspline_20/vae_latent_out.png,C:/Users/parth/Desktop/experiment/amit_code/edit_output/flux/image_3_sunglasses.png,C:/Users/parth/Desktop/experiment/amit_code/output_save/image_3/flux_output/bspline_20/output_sunglasses.png,0.9982525110244751,0.9980257749557495
image_3,flux,green_hair,Make hair color green,bspline,20,0.9361642003059387,34.30299540866356,0.0003712790785357356,0.019268603440201253,0.9090394973754883,27.732298320714932,0.0016856611473485827,0.04105680391054061,C:/Users/parth/Desktop/experiment/amit_code/new_images/image_3.png,C:/Users/parth/Desktop/experiment/amit_code/output_save/image_3/results/bspline_20/vae_latent_out.png,C:/Users/parth/Desktop/experiment/amit_code/edit_output/flux/image_3_green_hair.png,C:/Users/parth/Desktop/experiment/amit_code/output_save/image_3/flux_output/bspline_20/output_green_hair.png,0.9982525110244751,0.9949029088020325
image_3,flux,sunglasses,Add sunglasses,bspline,50,0.9436852335929871,34.64745069541451,0.00034296908415853977,0.01851942450937771,0.952342689037323,33.305632430229075,0.00046712905168533325,0.02161316847862278,C:/Users/parth/Desktop/experiment/amit_code/new_images/image_3.png,C:/Users/parth/Desktop/experiment/amit_code/output_save/image_3/results/bspline_50/vae_latent_out.png,C:/Users/parth/Desktop/experiment/amit_code/edit_output/flux/image_3_sunglasses.png,C:/Users/parth/Desktop/experiment/amit_code/output_save/image_3/flux_output/bspline_50/output_sunglasses.png,0.9982255101203918,0.9968274831771851
image_3,flux,green_hair,Make hair color green,bspline,50,0.9436852335929871,34.64745069541451,0.00034296908415853977,0.01851942450937771,0.9118189215660095,27.818996568867153,0.0016523436643183231,0.04064903029985246,C:/Users/parth/Desktop/experiment/amit_code/new_images/image_3.png,C:/Users/parth/Desktop/experiment/amit_code/output_save/image_3/results/bspline_50/vae_latent_out.png,C:/Users/parth/Desktop/experiment/amit_code/edit_output/flux/image_3_green_hair.png,C:/Users/parth/Desktop/experiment/amit_code/output_save/image_3/flux_output/bspline_50/output_green_hair.png,0.9982255101203918,0.996018648147583
image_3,flux,sunglasses,Add sunglasses,bspline,75,0.9460833668708801,34.80712687042444,0.0003305882273707539,0.018182085341642028,0.9537752270698547,33.523710282383796,0.00044425169471651316,0.02107727911084619,C:/Users/parth/Desktop/experiment/amit_code/new_images/image_3.png,C:/Users/parth/Desktop/experiment/amit_code/output_save/image_3/results/bspline_75/vae_latent_out.png,C:/Users/parth/Desktop/experiment/amit_code/edit_output/flux/image_3_sunglasses.png,C:/Users/parth/Desktop/experiment/amit_code/output_save/image_3/flux_output/bspline_75/output_sunglasses.png,0.9983144998550415,0.9973398447036743
image_3,flux,green_hair,Make hair color green,bspline,75,0.9460833668708801,34.80712687042444,0.0003305882273707539,0.018182085341642028,0.9095825552940369,27.546670388180743,0.0017592724179849029,0.04194368150252077,C:/Users/parth/Desktop/experiment/amit_code/new_images/image_3.png,C:/Users/parth/Desktop/experiment/amit_code/output_save/image_3/results/bspline_75/vae_latent_out.png,C:/Users/parth/Desktop/experiment/amit_code/edit_output/flux/image_3_green_hair.png,C:/Users/parth/Desktop/experiment/amit_code/output_save/image_3/flux_output/bspline_75/output_green_hair.png,0.9983144998550415,0.9963752627372742
image_3,instruct,sunglasses,Add sunglasses,all,10,0.9114376902580261,33.02703218901389,0.0004980773665010929,0.022317646975008206,0.9714250564575195,34.692220506135,0.0003394516825210303,0.01842421456998996,C:/Users/parth/Desktop/experiment/amit_code/new_images/image_3.png,C:/Users/parth/Desktop/experiment/amit_code/output_save/image_3/results/all_10/vae_latent_out.png,C:/Users/parth/Desktop/experiment/amit_code/edit_output/instruct/image_3_sunglasses.png,C:/Users/parth/Desktop/experiment/amit_code/output_save/image_3/instruct_output/all_10/output_sunglasses.png,0.998123288154602,0.9986557960510254
image_3,instruct,green_hair,Make hair color green,all,10,0.9114376902580261,33.02703218901389,0.0004980773665010929,0.022317646975008206,0.9068843722343445,21.359700311229513,0.007311895489692688,0.08550962220529738,C:/Users/parth/Desktop/experiment/amit_code/new_images/image_3.png,C:/Users/parth/Desktop/experiment/amit_code/output_save/image_3/results/all_10/vae_latent_out.png,C:/Users/parth/Desktop/experiment/amit_code/edit_output/instruct/image_3_green_hair.png,C:/Users/parth/Desktop/experiment/amit_code/output_save/image_3/instruct_output/all_10/output_green_hair.png,0.998123288154602,0.9868971109390259
image_3,instruct,sunglasses,Add sunglasses,all,15,0.9114373326301575,33.027015990745234,0.0004980791127309203,0.022317686097149955,0.9714484214782715,34.70670971645027,0.0003383209987077862,0.01839350425307223,C:/Users/parth/Desktop/experiment/amit_code/new_images/image_3.png,C:/Users/parth/Desktop/experiment/amit_code/output_save/image_3/results/all_15/vae_latent_out.png,C:/Users/parth/Desktop/experiment/amit_code/edit_output/instruct/image_3_sunglasses.png,C:/Users/parth/Desktop/experiment/amit_code/output_save/image_3/instruct_output/all_15/output_sunglasses.png,0.9981293082237244,0.9986200928688049
image_3,instruct,green_hair,Make hair color green,all,15,0.9114373326301575,33.027015990745234,0.0004980791127309203,0.022317686097149955,0.9071752429008484,21.39573780858568,0.007251473609358072,0.08515558472207253,C:/Users/parth/Desktop/experiment/amit_code/new_images/image_3.png,C:/Users/parth/Desktop/experiment/amit_code/output_save/image_3/results/all_15/vae_latent_out.png,C:/Users/parth/Desktop/experiment/amit_code/edit_output/instruct/image_3_green_hair.png,C:/Users/parth/Desktop/experiment/amit_code/output_save/image_3/instruct_output/all_15/output_green_hair.png,0.9981293082237244,0.9871681928634644
image_3,instruct,sunglasses,Add sunglasses,all,50,0.9114405512809753,33.02698188934205,0.0004980831290595233,0.022317776077815713,0.9714253544807434,34.683441316532544,0.0003401384747121483,0.018442843455176546,C:/Users/parth/Desktop/experiment/amit_code/new_images/image_3.png,C:/Users/parth/Desktop/experiment/amit_code/output_save/image_3/results/all_50/vae_latent_out.png,C:/Users/parth/Desktop/experiment/amit_code/edit_output/instruct/image_3_sunglasses.png,C:/Users/parth/Desktop/experiment/amit_code/output_save/image_3/instruct_output/all_50/output_sunglasses.png,0.9981235265731812,0.9986527562141418
image_3,instruct,green_hair,Make hair color green,all,50,0.9114405512809753,33.02698188934205,0.0004980831290595233,0.022317776077815713,0.9073087573051453,21.410079760022747,0.007227566093206406,0.08501509332587012,C:/Users/parth/Desktop/experiment/amit_code/new_images/image_3.png,C:/Users/parth/Desktop/experiment/amit_code/output_save/image_3/results/all_50/vae_latent_out.png,C:/Users/parth/Desktop/experiment/amit_code/edit_output/instruct/image_3_green_hair.png,C:/Users/parth/Desktop/experiment/amit_code/output_save/image_3/instruct_output/all_50/output_green_hair.png,0.9981235265731812,0.9869899749755859
image_3,instruct,sunglasses,Add sunglasses,bspline,10,0.9295437335968018,33.96755772150732,0.00040109214023686945,0.020027284894285333,0.951603889465332,33.09690897741588,0.0004901274223811924,0.02213882161229889,C:/Users/parth/Desktop/experiment/amit_code/new_images/image_3.png,C:/Users/parth/Desktop/experiment/amit_code/output_save/image_3/results/bspline_10/vae_latent_out.png,C:/Users/parth/Desktop/experiment/amit_code/edit_output/instruct/image_3_sunglasses.png,C:/Users/parth/Desktop/experiment/amit_code/output_save/image_3/instruct_output/bspline_10/output_sunglasses.png,0.9984164834022522,0.9978322982788086
image_3,instruct,green_hair,Make hair color green,bspline,10,0.9295437335968018,33.96755772150732,0.00040109214023686945,0.020027284894285333,0.8942255973815918,21.42382989742447,0.007204717490822077,0.08488060727175599,C:/Users/parth/Desktop/experiment/amit_code/new_images/image_3.png,C:/Users/parth/Desktop/experiment/amit_code/output_save/image_3/results/bspline_10/vae_latent_out.png,C:/Users/parth/Desktop/experiment/amit_code/edit_output/instruct/image_3_green_hair.png,C:/Users/parth/Desktop/experiment/amit_code/output_save/image_3/instruct_output/bspline_10/output_green_hair.png,0.9984164834022522,0.9886755347251892
image_3,instruct,sunglasses,Add sunglasses,bspline,100,0.91144198179245,33.02774650808217,0.0004979954683221877,0.02231581206952119,0.9714372158050537,34.68961558996807,0.00033965535112656653,0.018429740940299907,C:/Users/parth/Desktop/experiment/amit_code/new_images/image_3.png,C:/Users/parth/Desktop/experiment/amit_code/output_save/image_3/results/bspline_100/vae_latent_out.png,C:/Users/parth/Desktop/experiment/amit_code/edit_output/instruct/image_3_sunglasses.png,C:/Users/parth/Desktop/experiment/amit_code/output_save/image_3/instruct_output/bspline_100/output_sunglasses.png,0.9981309771537781,0.998634934425354
image_3,instruct,green_hair,Make hair color green,bspline,100,0.91144198179245,33.02774650808217,0.0004979954683221877,0.02231581206952119,0.9077417254447937,21.425252728378588,0.0072023565880954266,0.08486669893483206,C:/Users/parth/Desktop/experiment/amit_code/new_images/image_3.png,C:/Users/parth/Desktop/experiment/amit_code/output_save/image_3/results/bspline_100/vae_latent_out.png,C:/Users/parth/Desktop/experiment/amit_code/edit_output/instruct/image_3_green_hair.png,C:/Users/parth/Desktop/experiment/amit_code/output_save/image_3/instruct_output/bspline_100/output_green_hair.png,0.9981309771537781,0.9870285391807556
image_3,instruct,sunglasses,Add sunglasses,bspline,15,0.9334051012992859,34.1529165800263,0.00038433363079093397,0.01960442885653479,0.9468593597412109,32.539275512429306,0.000557278806809336,0.023606753415269452,C:/Users/parth/Desktop/experiment/amit_code/new_images/image_3.png,C:/Users/parth/Desktop/experiment/amit_code/output_save/image_3/results/bspline_15/vae_latent_out.png,C:/Users/parth/Desktop/experiment/amit_code/edit_output/instruct/image_3_sunglasses.png,C:/Users/parth/Desktop/experiment/amit_code/output_save/image_3/instruct_output/bspline_15/output_sunglasses.png,0.9982959032058716,0.9981942772865295
image_3,instruct,green_hair,Make hair color green,bspline,15,0.9334051012992859,34.1529165800263,0.00038433363079093397,0.01960442885653479,0.8914480209350586,21.47647058601641,0.007117916364222765,0.08436774480939244,C:/Users/parth/Desktop/experiment/amit_code/new_images/image_3.png,C:/Users/parth/Desktop/experiment/amit_code/output_save/image_3/results/bspline_15/vae_latent_out.png,C:/Users/parth/Desktop/experiment/amit_code/edit_output/instruct/image_3_green_hair.png,C:/Users/parth/Desktop/experiment/amit_code/output_save/image_3/instruct_output/bspline_15/output_green_hair.png,0.9982959032058716,0.9876235127449036
image_3,instruct,sunglasses,Add sunglasses,bspline,20,0.9361642003059387,34.30299540866356,0.0003712790785357356,0.019268603440201253,0.9454838633537292,32.62978605135948,0.0005457847146317363,0.023362035755296162,C:/Users/parth/Desktop/experiment/amit_code/new_images/image_3.png,C:/Users/parth/Desktop/experiment/amit_code/output_save/image_3/results/bspline_20/vae_latent_out.png,C:/Users/parth/Desktop/experiment/amit_code/edit_output/instruct/image_3_sunglasses.png,C:/Users/parth/Desktop/experiment/amit_code/output_save/image_3/instruct_output/bspline_20/output_sunglasses.png,0.9982525110244751,0.9978606700897217
image_3,instruct,green_hair,Make hair color green,bspline,20,0.9361642003059387,34.30299540866356,0.0003712790785357356,0.019268603440201253,0.8880311846733093,21.370839202462108,0.0072931647300720215,0.08540002769362562,C:/Users/parth/Desktop/experiment/amit_code/new_images/image_3.png,C:/Users/parth/Desktop/experiment/amit_code/output_save/image_3/results/bspline_20/vae_latent_out.png,C:/Users/parth/Desktop/experiment/amit_code/edit_output/instruct/image_3_green_hair.png,C:/Users/parth/Desktop/experiment/amit_code/output_save/image_3/instruct_output/bspline_20/output_green_hair.png,0.9982525110244751,0.9852496385574341
image_3,instruct,sunglasses,Add sunglasses,bspline,50,0.9436852335929871,34.64745069541451,0.00034296908415853977,0.01851942450937771,0.9432926177978516,32.40867847010346,0.0005742912762798369,0.023964375148954685,C:/Users/parth/Desktop/experiment/amit_code/new_images/image_3.png,C:/Users/parth/Desktop/experiment/amit_code/output_save/image_3/results/bspline_50/vae_latent_out.png,C:/Users/parth/Desktop/experiment/amit_code/edit_output/instruct/image_3_sunglasses.png,C:/Users/parth/Desktop/experiment/amit_code/output_save/image_3/instruct_output/bspline_50/output_sunglasses.png,0.9982255101203918,0.9960492849349976
image_3,instruct,green_hair,Make hair color green,bspline,50,0.9436852335929871,34.64745069541451,0.00034296908415853977,0.01851942450937771,0.8803417682647705,21.26886767221339,0.007466432172805071,0.08640851909855342,C:/Users/parth/Desktop/experiment/amit_code/new_images/image_3.png,C:/Users/parth/Desktop/experiment/amit_code/output_save/image_3/results/bspline_50/vae_latent_out.png,C:/Users/parth/Desktop/experiment/amit_code/edit_output/instruct/image_3_green_hair.png,C:/Users/parth/Desktop/experiment/amit_code/output_save/image_3/instruct_output/bspline_50/output_green_hair.png,0.9982255101203918,0.9822866320610046
image_3,instruct,sunglasses,Add sunglasses,bspline,75,0.9460833668708801,34.80712687042444,0.0003305882273707539,0.018182085341642028,0.9414491653442383,32.12298350579332,0.0006133405258879066,0.02476571270704533,C:/Users/parth/Desktop/experiment/amit_code/new_images/image_3.png,C:/Users/parth/Desktop/experiment/amit_code/output_save/image_3/results/bspline_75/vae_latent_out.png,C:/Users/parth/Desktop/experiment/amit_code/edit_output/instruct/image_3_sunglasses.png,C:/Users/parth/Desktop/experiment/amit_code/output_save/image_3/instruct_output/bspline_75/output_sunglasses.png,0.9983144998550415,0.9962977170944214
image_3,instruct,green_hair,Make hair color green,bspline,75,0.9460833668708801,34.80712687042444,0.0003305882273707539,0.018182085341642028,0.875584065914154,21.11814880218091,0.007730099838227034,0.08792098633561292,C:/Users/parth/Desktop/experiment/amit_code/new_images/image_3.png,C:/Users/parth/Desktop/experiment/amit_code/output_save/image_3/results/bspline_75/vae_latent_out.png,C:/Users/parth/Desktop/experiment/amit_code/edit_output/instruct/image_3_green_hair.png,C:/Users/parth/Desktop/experiment/amit_code/output_save/image_3/instruct_output/bspline_75/output_green_hair.png,0.9983144998550415,0.9777854681015015
