face_id,prompt,prompt_slug,candidate_id,seed,steps,guidance_scale,image_guidance_scale,input_ssim,input_psnr,input_mse,input_l2,output_ssim,output_psnr,output_mse,output_l2,original_path,perturbed_path,clean_edit_path,perturbed_edit_path,strip_path
image_3,Add a black jacket,add_a_black_jacket,targeted_experiments_tightened_perturbations_image_3_preserve40_lens_25_vae_latent_out_png,1234,20,7.5,1.5,0.9178212285041809,33.479203012351284,0.0004488277481868863,0.021185555177688553,0.933250367641449,24.379505116139406,0.003647955134510994,0.060398304069824625,/home/interns/Desktop/amit_code/new_images/image_3.png,/home/interns/Desktop/amit_code/targeted_experiments/tightened_perturbations/image_3/preserve40/lens_25/vae_latent_out.png,/home/interns/Desktop/amit_code/targeted_experiments/prompt_sweep_tightened/image_3/add_a_black_jacket/clean_edit.png,/home/interns/Desktop/amit_code/targeted_experiments/prompt_sweep_tightened/image_3/add_a_black_jacket/targeted_experiments_tightened_perturbations_image_3_preserve40_lens_25_vae_latent_out_png/perturbed_edit.png,/home/interns/Desktop/amit_code/targeted_experiments/prompt_sweep_tightened/image_3/add_a_black_jacket/targeted_experiments_tightened_perturbations_image_3_preserve40_lens_25_vae_latent_out_png/comparison_strip.jpg
image_3,Add a black jacket,add_a_black_jacket,targeted_experiments_tightened_perturbations_image_3_preserve60_lens_25_vae_latent_out_png,1234,20,7.5,1.5,0.9173495769500732,33.61502409396307,0.000435008347267285,0.020856853724070777,0.9429362416267395,25.430080391818997,0.0028641249518841505,0.053517520046094724,/home/interns/Desktop/amit_code/new_images/image_3.png,/home/interns/Desktop/amit_code/targeted_experiments/tightened_perturbations/image_3/preserve60/lens_25/vae_latent_out.png,/home/interns/Desktop/amit_code/targeted_experiments/prompt_sweep_tightened/image_3/add_a_black_jacket/clean_edit.png,/home/interns/Desktop/amit_code/targeted_experiments/prompt_sweep_tightened/image_3/add_a_black_jacket/targeted_experiments_tightened_perturbations_image_3_preserve60_lens_25_vae_latent_out_png/perturbed_edit.png,/home/interns/Desktop/amit_code/targeted_experiments/prompt_sweep_tightened/image_3/add_a_black_jacket/targeted_experiments_tightened_perturbations_image_3_preserve60_lens_25_vae_latent_out_png/comparison_strip.jpg
image_3,Add a black jacket,add_a_black_jacket,targeted_experiments_tightened_perturbations_image_3_preserve40_bspline_25_vae_latent_out_png,1234,20,7.5,1.5,0.9169774651527405,33.464074317798534,0.00045039397082291543,0.02122248738538712,0.9309032559394836,24.713362396339594,0.0033780320081859827,0.058120839706476905,/home/interns/Desktop/amit_code/new_images/image_3.png,/home/interns/Desktop/amit_code/targeted_experiments/tightened_perturbations/image_3/preserve40/bspline_25/vae_latent_out.png,/home/interns/Desktop/amit_code/targeted_experiments/prompt_sweep_tightened/image_3/add_a_black_jacket/clean_edit.png,/home/interns/Desktop/amit_code/targeted_experiments/prompt_sweep_tightened/image_3/add_a_black_jacket/targeted_experiments_tightened_perturbations_image_3_preserve40_bspline_25_vae_latent_out_png/perturbed_edit.png,/home/interns/Desktop/amit_code/targeted_experiments/prompt_sweep_tightened/image_3/add_a_black_jacket/targeted_experiments_tightened_perturbations_image_3_preserve40_bspline_25_vae_latent_out_png/comparison_strip.jpg
image_3,Add a black jacket,add_a_black_jacket,targeted_experiments_tightened_perturbations_image_3_preserve60_bspline_25_vae_latent_out_png,1234,20,7.5,1.5,0.9164645671844482,33.57677105420437,0.0004388568631839007,0.020948910787530237,0.9358779788017273,24.98614425439602,0.0031723827123641968,0.056323908887471553,/home/interns/Desktop/amit_code/new_images/image_3.png,/home/interns/Desktop/amit_code/targeted_experiments/tightened_perturbations/image_3/preserve60/bspline_25/vae_latent_out.png,/home/interns/Desktop/amit_code/targeted_experiments/prompt_sweep_tightened/image_3/add_a_black_jacket/clean_edit.png,/home/interns/Desktop/amit_code/targeted_experiments/prompt_sweep_tightened/image_3/add_a_black_jacket/targeted_experiments_tightened_perturbations_image_3_preserve60_bspline_25_vae_latent_out_png/perturbed_edit.png,/home/interns/Desktop/amit_code/targeted_experiments/prompt_sweep_tightened/image_3/add_a_black_jacket/targeted_experiments_tightened_perturbations_image_3_preserve60_bspline_25_vae_latent_out_png/comparison_strip.jpg
image_3,Add a black jacket,add_a_black_jacket,targeted_experiments_tightened_perturbations_image_3_preserve40_polar_25_vae_latent_out_png,1234,20,7.5,1.5,0.9158141016960144,32.5744461848017,0.0005527838948182762,0.023511356720067777,0.9164146780967712,24.563767672424813,0.0034964170772582293,0.05913050885336798,/home/interns/Desktop/amit_code/new_images/image_3.png,/home/interns/Desktop/amit_code/targeted_experiments/tightened_perturbations/image_3/preserve40/polar_25/vae_latent_out.png,/home/interns/Desktop/amit_code/targeted_experiments/prompt_sweep_tightened/image_3/add_a_black_jacket/clean_edit.png,/home/interns/Desktop/amit_code/targeted_experiments/prompt_sweep_tightened/image_3/add_a_black_jacket/targeted_experiments_tightened_perturbations_image_3_preserve40_polar_25_vae_latent_out_png/perturbed_edit.png,/home/interns/Desktop/amit_code/targeted_experiments/prompt_sweep_tightened/image_3/add_a_black_jacket/targeted_experiments_tightened_perturbations_image_3_preserve40_polar_25_vae_latent_out_png/comparison_strip.jpg
image_3,Add a black jacket,add_a_black_jacket,targeted_experiments_tightened_perturbations_image_3_preserve60_polar_25_vae_latent_out_png,1234,20,7.5,1.5,0.9127791523933411,32.447536971305965,0.0005691756377927959,0.0238574021593466,0.9063736796379089,23.830268833143528,0.004139740485697985,0.06434081508419041,/home/interns/Desktop/amit_code/new_images/image_3.png,/home/interns/Desktop/amit_code/targeted_experiments/tightened_perturbations/image_3/preserve60/polar_25/vae_latent_out.png,/home/interns/Desktop/amit_code/targeted_experiments/prompt_sweep_tightened/image_3/add_a_black_jacket/clean_edit.png,/home/interns/Desktop/amit_code/targeted_experiments/prompt_sweep_tightened/image_3/add_a_black_jacket/targeted_experiments_tightened_perturbations_image_3_preserve60_polar_25_vae_latent_out_png/perturbed_edit.png,/home/interns/Desktop/amit_code/targeted_experiments/prompt_sweep_tightened/image_3/add_a_black_jacket/targeted_experiments_tightened_perturbations_image_3_preserve60_polar_25_vae_latent_out_png/comparison_strip.jpg
image_3,Add a red scarf,add_a_red_scarf,targeted_experiments_tightened_perturbations_image_3_preserve40_lens_25_vae_latent_out_png,1234,20,7.5,1.5,0.9178212285041809,33.479203012351284,0.0004488277481868863,0.021185555177688553,0.8114116787910461,18.245061565101082,0.014979380182921886,0.12239027813891873,/home/interns/Desktop/amit_code/new_images/image_3.png,/home/interns/Desktop/amit_code/targeted_experiments/tightened_perturbations/image_3/preserve40/lens_25/vae_latent_out.png,/home/interns/Desktop/amit_code/targeted_experiments/prompt_sweep_tightened/image_3/add_a_red_scarf/clean_edit.png,/home/interns/Desktop/amit_code/targeted_experiments/prompt_sweep_tightened/image_3/add_a_red_scarf/targeted_experiments_tightened_perturbations_image_3_preserve40_lens_25_vae_latent_out_png/perturbed_edit.png,/home/interns/Desktop/amit_code/targeted_experiments/prompt_sweep_tightened/image_3/add_a_red_scarf/targeted_experiments_tightened_perturbations_image_3_preserve40_lens_25_vae_latent_out_png/comparison_strip.jpg
image_3,Add a red scarf,add_a_red_scarf,targeted_experiments_tightened_perturbations_image_3_preserve60_lens_25_vae_latent_out_png,1234,20,7.5,1.5,0.9173495769500732,33.61502409396307,0.000435008347267285,0.020856853724070777,0.8166664242744446,18.46776316722914,0.014230615459382534,0.11929214332630013,/home/interns/Desktop/amit_code/new_images/image_3.png,/home/interns/Desktop/amit_code/targeted_experiments/tightened_perturbations/image_3/preserve60/lens_25/vae_latent_out.png,/home/interns/Desktop/amit_code/targeted_experiments/prompt_sweep_tightened/image_3/add_a_red_scarf/clean_edit.png,/home/interns/Desktop/amit_code/targeted_experiments/prompt_sweep_tightened/image_3/add_a_red_scarf/targeted_experiments_tightened_perturbations_image_3_preserve60_lens_25_vae_latent_out_png/perturbed_edit.png,/home/interns/Desktop/amit_code/targeted_experiments/prompt_sweep_tightened/image_3/add_a_red_scarf/targeted_experiments_tightened_perturbations_image_3_preserve60_lens_25_vae_latent_out_png/comparison_strip.jpg
image_3,Add a red scarf,add_a_red_scarf,targeted_experiments_tightened_perturbations_image_3_preserve40_bspline_25_vae_latent_out_png,1234,20,7.5,1.5,0.9169774651527405,33.464074317798534,0.00045039397082291543,0.02122248738538712,0.8121812343597412,18.27124854052088,0.014889329671859741,0.12202184096242664,/home/interns/Desktop/amit_code/new_images/image_3.png,/home/interns/Desktop/amit_code/targeted_experiments/tightened_perturbations/image_3/preserve40/bspline_25/vae_latent_out.png,/home/interns/Desktop/amit_code/targeted_experiments/prompt_sweep_tightened/image_3/add_a_red_scarf/clean_edit.png,/home/interns/Desktop/amit_code/targeted_experiments/prompt_sweep_tightened/image_3/add_a_red_scarf/targeted_experiments_tightened_perturbations_image_3_preserve40_bspline_25_vae_latent_out_png/perturbed_edit.png,/home/interns/Desktop/amit_code/targeted_experiments/prompt_sweep_tightened/image_3/add_a_red_scarf/targeted_experiments_tightened_perturbations_image_3_preserve40_bspline_25_vae_latent_out_png/comparison_strip.jpg
image_3,Add a red scarf,add_a_red_scarf,targeted_experiments_tightened_perturbations_image_3_preserve60_bspline_25_vae_latent_out_png,1234,20,7.5,1.5,0.9164645671844482,33.57677105420437,0.0004388568631839007,0.020948910787530237,0.8168513774871826,18.468488283202223,0.01422823965549469,0.11928218498792974,/home/interns/Desktop/amit_code/new_images/image_3.png,/home/interns/Desktop/amit_code/targeted_experiments/tightened_perturbations/image_3/preserve60/bspline_25/vae_latent_out.png,/home/interns/Desktop/amit_code/targeted_experiments/prompt_sweep_tightened/image_3/add_a_red_scarf/clean_edit.png,/home/interns/Desktop/amit_code/targeted_experiments/prompt_sweep_tightened/image_3/add_a_red_scarf/targeted_experiments_tightened_perturbations_image_3_preserve60_bspline_25_vae_latent_out_png/perturbed_edit.png,/home/interns/Desktop/amit_code/targeted_experiments/prompt_sweep_tightened/image_3/add_a_red_scarf/targeted_experiments_tightened_perturbations_image_3_preserve60_bspline_25_vae_latent_out_png/comparison_strip.jpg
image_3,Add a red scarf,add_a_red_scarf,targeted_experiments_tightened_perturbations_image_3_preserve40_polar_25_vae_latent_out_png,1234,20,7.5,1.5,0.9158141016960144,32.5744461848017,0.0005527838948182762,0.023511356720067777,0.7659779191017151,17.757744225207315,0.016758130863308907,0.12945319950974138,/home/interns/Desktop/amit_code/new_images/image_3.png,/home/interns/Desktop/amit_code/targeted_experiments/tightened_perturbations/image_3/preserve40/polar_25/vae_latent_out.png,/home/interns/Desktop/amit_code/targeted_experiments/prompt_sweep_tightened/image_3/add_a_red_scarf/clean_edit.png,/home/interns/Desktop/amit_code/targeted_experiments/prompt_sweep_tightened/image_3/add_a_red_scarf/targeted_experiments_tightened_perturbations_image_3_preserve40_polar_25_vae_latent_out_png/perturbed_edit.png,/home/interns/Desktop/amit_code/targeted_experiments/prompt_sweep_tightened/image_3/add_a_red_scarf/targeted_experiments_tightened_perturbations_image_3_preserve40_polar_25_vae_latent_out_png/comparison_strip.jpg
image_3,Add a red scarf,add_a_red_scarf,targeted_experiments_tightened_perturbations_image_3_preserve60_polar_25_vae_latent_out_png,1234,20,7.5,1.5,0.9127791523933411,32.447536971305965,0.0005691756377927959,0.0238574021593466,0.7663524746894836,17.717619767614718,0.016913676634430885,0.13005259180205092,/home/interns/Desktop/amit_code/new_images/image_3.png,/home/interns/Desktop/amit_code/targeted_experiments/tightened_perturbations/image_3/preserve60/polar_25/vae_latent_out.png,/home/interns/Desktop/amit_code/targeted_experiments/prompt_sweep_tightened/image_3/add_a_red_scarf/clean_edit.png,/home/interns/Desktop/amit_code/targeted_experiments/prompt_sweep_tightened/image_3/add_a_red_scarf/targeted_experiments_tightened_perturbations_image_3_preserve60_polar_25_vae_latent_out_png/perturbed_edit.png,/home/interns/Desktop/amit_code/targeted_experiments/prompt_sweep_tightened/image_3/add_a_red_scarf/targeted_experiments_tightened_perturbations_image_3_preserve60_polar_25_vae_latent_out_png/comparison_strip.jpg
image_3,Add a grey hoodie,add_a_grey_hoodie,targeted_experiments_tightened_perturbations_image_3_preserve40_lens_25_vae_latent_out_png,1234,20,7.5,1.5,0.9178212285041809,33.479203012351284,0.0004488277481868863,0.021185555177688553,0.9059401154518127,25.64097880422412,0.002728362800553441,0.05223373240113558,/home/interns/Desktop/amit_code/new_images/image_3.png,/home/interns/Desktop/amit_code/targeted_experiments/tightened_perturbations/image_3/preserve40/lens_25/vae_latent_out.png,/home/interns/Desktop/amit_code/targeted_experiments/prompt_sweep_tightened/image_3/add_a_grey_hoodie/clean_edit.png,/home/interns/Desktop/amit_code/targeted_experiments/prompt_sweep_tightened/image_3/add_a_grey_hoodie/targeted_experiments_tightened_perturbations_image_3_preserve40_lens_25_vae_latent_out_png/perturbed_edit.png,/home/interns/Desktop/amit_code/targeted_experiments/prompt_sweep_tightened/image_3/add_a_grey_hoodie/targeted_experiments_tightened_perturbations_image_3_preserve40_lens_25_vae_latent_out_png/comparison_strip.jpg
image_3,Add a grey hoodie,add_a_grey_hoodie,targeted_experiments_tightened_perturbations_image_3_preserve60_lens_25_vae_latent_out_png,1234,20,7.5,1.5,0.9173495769500732,33.61502409396307,0.000435008347267285,0.020856853724070777,0.9272184371948242,27.866140880604426,0.0016345037147402763,0.04042899596502832,/home/interns/Desktop/amit_code/new_images/image_3.png,/home/interns/Desktop/amit_code/targeted_experiments/tightened_perturbations/image_3/preserve60/lens_25/vae_latent_out.png,/home/interns/Desktop/amit_code/targeted_experiments/prompt_sweep_tightened/image_3/add_a_grey_hoodie/clean_edit.png,/home/interns/Desktop/amit_code/targeted_experiments/prompt_sweep_tightened/image_3/add_a_grey_hoodie/targeted_experiments_tightened_perturbations_image_3_preserve60_lens_25_vae_latent_out_png/perturbed_edit.png,/home/interns/Desktop/amit_code/targeted_experiments/prompt_sweep_tightened/image_3/add_a_grey_hoodie/targeted_experiments_tightened_perturbations_image_3_preserve60_lens_25_vae_latent_out_png/comparison_strip.jpg
image_3,Add a grey hoodie,add_a_grey_hoodie,targeted_experiments_tightened_perturbations_image_3_preserve40_bspline_25_vae_latent_out_png,1234,20,7.5,1.5,0.9169774651527405,33.464074317798534,0.00045039397082291543,0.02122248738538712,0.9236965179443359,27.05656392923853,0.001969443866983056,0.04437841667954205,/home/interns/Desktop/amit_code/new_images/image_3.png,/home/interns/Desktop/amit_code/targeted_experiments/tightened_perturbations/image_3/preserve40/bspline_25/vae_latent_out.png,/home/interns/Desktop/amit_code/targeted_experiments/prompt_sweep_tightened/image_3/add_a_grey_hoodie/clean_edit.png,/home/interns/Desktop/amit_code/targeted_experiments/prompt_sweep_tightened/image_3/add_a_grey_hoodie/targeted_experiments_tightened_perturbations_image_3_preserve40_bspline_25_vae_latent_out_png/perturbed_edit.png,/home/interns/Desktop/amit_code/targeted_experiments/prompt_sweep_tightened/image_3/add_a_grey_hoodie/targeted_experiments_tightened_perturbations_image_3_preserve40_bspline_25_vae_latent_out_png/comparison_strip.jpg
image_3,Add a grey hoodie,add_a_grey_hoodie,targeted_experiments_tightened_perturbations_image_3_preserve60_bspline_25_vae_latent_out_png,1234,20,7.5,1.5,0.9164645671844482,33.57677105420437,0.0004388568631839007,0.020948910787530237,0.9316496253013611,27.803009714750402,0.0016584371915087104,0.04072391424591588,/home/interns/Desktop/amit_code/new_images/image_3.png,/home/interns/Desktop/amit_code/targeted_experiments/tightened_perturbations/image_3/preserve60/bspline_25/vae_latent_out.png,/home/interns/Desktop/amit_code/targeted_experiments/prompt_sweep_tightened/image_3/add_a_grey_hoodie/clean_edit.png,/home/interns/Desktop/amit_code/targeted_experiments/prompt_sweep_tightened/image_3/add_a_grey_hoodie/targeted_experiments_tightened_perturbations_image_3_preserve60_bspline_25_vae_latent_out_png/perturbed_edit.png,/home/interns/Desktop/amit_code/targeted_experiments/prompt_sweep_tightened/image_3/add_a_grey_hoodie/targeted_experiments_tightened_perturbations_image_3_preserve60_bspline_25_vae_latent_out_png/comparison_strip.jpg
image_3,Add a grey hoodie,add_a_grey_hoodie,targeted_experiments_tightened_perturbations_image_3_preserve40_polar_25_vae_latent_out_png,1234,20,7.5,1.5,0.9158141016960144,32.5744461848017,0.0005527838948182762,0.023511356720067777,0.8144984841346741,18.925148373244426,0.012808113358914852,0.11317293562912845,/home/interns/Desktop/amit_code/new_images/image_3.png,/home/interns/Desktop/amit_code/targeted_experiments/tightened_perturbations/image_3/preserve40/polar_25/vae_latent_out.png,/home/interns/Desktop/amit_code/targeted_experiments/prompt_sweep_tightened/image_3/add_a_grey_hoodie/clean_edit.png,/home/interns/Desktop/amit_code/targeted_experiments/prompt_sweep_tightened/image_3/add_a_grey_hoodie/targeted_experiments_tightened_perturbations_image_3_preserve40_polar_25_vae_latent_out_png/perturbed_edit.png,/home/interns/Desktop/amit_code/targeted_experiments/prompt_sweep_tightened/image_3/add_a_grey_hoodie/targeted_experiments_tightened_perturbations_image_3_preserve40_polar_25_vae_latent_out_png/comparison_strip.jpg
image_3,Add a grey hoodie,add_a_grey_hoodie,targeted_experiments_tightened_perturbations_image_3_preserve60_polar_25_vae_latent_out_png,1234,20,7.5,1.5,0.9127791523933411,32.447536971305965,0.0005691756377927959,0.0238574021593466,0.8246766924858093,19.13618264036142,0.012200615368783474,0.11045639578034164,/home/interns/Desktop/amit_code/new_images/image_3.png,/home/interns/Desktop/amit_code/targeted_experiments/tightened_perturbations/image_3/preserve60/polar_25/vae_latent_out.png,/home/interns/Desktop/amit_code/targeted_experiments/prompt_sweep_tightened/image_3/add_a_grey_hoodie/clean_edit.png,/home/interns/Desktop/amit_code/targeted_experiments/prompt_sweep_tightened/image_3/add_a_grey_hoodie/targeted_experiments_tightened_perturbations_image_3_preserve60_polar_25_vae_latent_out_png/perturbed_edit.png,/home/interns/Desktop/amit_code/targeted_experiments/prompt_sweep_tightened/image_3/add_a_grey_hoodie/targeted_experiments_tightened_perturbations_image_3_preserve60_polar_25_vae_latent_out_png/comparison_strip.jpg
image_3,Add a blue medical mask,add_a_blue_medical_mask,targeted_experiments_tightened_perturbations_image_3_preserve40_lens_25_vae_latent_out_png,1234,20,7.5,1.5,0.9178212285041809,33.479203012351284,0.0004488277481868863,0.021185555177688553,0.9578493237495422,33.85863705928213,0.0004112787719350308,0.020280009169993757,/home/interns/Desktop/amit_code/new_images/image_3.png,/home/interns/Desktop/amit_code/targeted_experiments/tightened_perturbations/image_3/preserve40/lens_25/vae_latent_out.png,/home/interns/Desktop/amit_code/targeted_experiments/prompt_sweep_tightened/image_3/add_a_blue_medical_mask/clean_edit.png,/home/interns/Desktop/amit_code/targeted_experiments/prompt_sweep_tightened/image_3/add_a_blue_medical_mask/targeted_experiments_tightened_perturbations_image_3_preserve40_lens_25_vae_latent_out_png/perturbed_edit.png,/home/interns/Desktop/amit_code/targeted_experiments/prompt_sweep_tightened/image_3/add_a_blue_medical_mask/targeted_experiments_tightened_perturbations_image_3_preserve40_lens_25_vae_latent_out_png/comparison_strip.jpg
image_3,Add a blue medical mask,add_a_blue_medical_mask,targeted_experiments_tightened_perturbations_image_3_preserve60_lens_25_vae_latent_out_png,1234,20,7.5,1.5,0.9173495769500732,33.61502409396307,0.000435008347267285,0.020856853724070777,0.9626899361610413,34.608194532411744,0.00034608322312124074,0.018603312154593352,/home/interns/Desktop/amit_code/new_images/image_3.png,/home/interns/Desktop/amit_code/targeted_experiments/tightened_perturbations/image_3/preserve60/lens_25/vae_latent_out.png,/home/interns/Desktop/amit_code/targeted_experiments/prompt_sweep_tightened/image_3/add_a_blue_medical_mask/clean_edit.png,/home/interns/Desktop/amit_code/targeted_experiments/prompt_sweep_tightened/image_3/add_a_blue_medical_mask/targeted_experiments_tightened_perturbations_image_3_preserve60_lens_25_vae_latent_out_png/perturbed_edit.png,/home/interns/Desktop/amit_code/targeted_experiments/prompt_sweep_tightened/image_3/add_a_blue_medical_mask/targeted_experiments_tightened_perturbations_image_3_preserve60_lens_25_vae_latent_out_png/comparison_strip.jpg
image_3,Add a blue medical mask,add_a_blue_medical_mask,targeted_experiments_tightened_perturbations_image_3_preserve40_bspline_25_vae_latent_out_png,1234,20,7.5,1.5,0.9169774651527405,33.464074317798534,0.00045039397082291543,0.02122248738538712,0.9578757286071777,33.79701839390436,0.0004171556793153286,0.020424389325395476,/home/interns/Desktop/amit_code/new_images/image_3.png,/home/interns/Desktop/amit_code/targeted_experiments/tightened_perturbations/image_3/preserve40/bspline_25/vae_latent_out.png,/home/interns/Desktop/amit_code/targeted_experiments/prompt_sweep_tightened/image_3/add_a_blue_medical_mask/clean_edit.png,/home/interns/Desktop/amit_code/targeted_experiments/prompt_sweep_tightened/image_3/add_a_blue_medical_mask/targeted_experiments_tightened_perturbations_image_3_preserve40_bspline_25_vae_latent_out_png/perturbed_edit.png,/home/interns/Desktop/amit_code/targeted_experiments/prompt_sweep_tightened/image_3/add_a_blue_medical_mask/targeted_experiments_tightened_perturbations_image_3_preserve40_bspline_25_vae_latent_out_png/comparison_strip.jpg
image_3,Add a blue medical mask,add_a_blue_medical_mask,targeted_experiments_tightened_perturbations_image_3_preserve60_bspline_25_vae_latent_out_png,1234,20,7.5,1.5,0.9164645671844482,33.57677105420437,0.0004388568631839007,0.020948910787530237,0.9627397656440735,34.572961221272045,0.0003489023365546018,0.01867892760718885,/home/interns/Desktop/amit_code/new_images/image_3.png,/home/interns/Desktop/amit_code/targeted_experiments/tightened_perturbations/image_3/preserve60/bspline_25/vae_latent_out.png,/home/interns/Desktop/amit_code/targeted_experiments/prompt_sweep_tightened/image_3/add_a_blue_medical_mask/clean_edit.png,/home/interns/Desktop/amit_code/targeted_experiments/prompt_sweep_tightened/image_3/add_a_blue_medical_mask/targeted_experiments_tightened_perturbations_image_3_preserve60_bspline_25_vae_latent_out_png/perturbed_edit.png,/home/interns/Desktop/amit_code/targeted_experiments/prompt_sweep_tightened/image_3/add_a_blue_medical_mask/targeted_experiments_tightened_perturbations_image_3_preserve60_bspline_25_vae_latent_out_png/comparison_strip.jpg
image_3,Add a blue medical mask,add_a_blue_medical_mask,targeted_experiments_tightened_perturbations_image_3_preserve40_polar_25_vae_latent_out_png,1234,20,7.5,1.5,0.9158141016960144,32.5744461848017,0.0005527838948182762,0.023511356720067777,0.9347031712532043,28.49212134510616,0.0014151023933663964,0.03761784674016306,/home/interns/Desktop/amit_code/new_images/image_3.png,/home/interns/Desktop/amit_code/targeted_experiments/tightened_perturbations/image_3/preserve40/polar_25/vae_latent_out.png,/home/interns/Desktop/amit_code/targeted_experiments/prompt_sweep_tightened/image_3/add_a_blue_medical_mask/clean_edit.png,/home/interns/Desktop/amit_code/targeted_experiments/prompt_sweep_tightened/image_3/add_a_blue_medical_mask/targeted_experiments_tightened_perturbations_image_3_preserve40_polar_25_vae_latent_out_png/perturbed_edit.png,/home/interns/Desktop/amit_code/targeted_experiments/prompt_sweep_tightened/image_3/add_a_blue_medical_mask/targeted_experiments_tightened_perturbations_image_3_preserve40_polar_25_vae_latent_out_png/comparison_strip.jpg
image_3,Add a blue medical mask,add_a_blue_medical_mask,targeted_experiments_tightened_perturbations_image_3_preserve60_polar_25_vae_latent_out_png,1234,20,7.5,1.5,0.9127791523933411,32.447536971305965,0.0005691756377927959,0.0238574021593466,0.93630051612854,28.3914210709154,0.0014482978731393814,0.038056508945768806,/home/interns/Desktop/amit_code/new_images/image_3.png,/home/interns/Desktop/amit_code/targeted_experiments/tightened_perturbations/image_3/preserve60/polar_25/vae_latent_out.png,/home/interns/Desktop/amit_code/targeted_experiments/prompt_sweep_tightened/image_3/add_a_blue_medical_mask/clean_edit.png,/home/interns/Desktop/amit_code/targeted_experiments/prompt_sweep_tightened/image_3/add_a_blue_medical_mask/targeted_experiments_tightened_perturbations_image_3_preserve60_polar_25_vae_latent_out_png/perturbed_edit.png,/home/interns/Desktop/amit_code/targeted_experiments/prompt_sweep_tightened/image_3/add_a_blue_medical_mask/targeted_experiments_tightened_perturbations_image_3_preserve60_polar_25_vae_latent_out_png/comparison_strip.jpg
image_3,Add a flower crown,add_a_flower_crown,targeted_experiments_tightened_perturbations_image_3_preserve40_lens_25_vae_latent_out_png,1234,20,7.5,1.5,0.9178212285041809,33.479203012351284,0.0004488277481868863,0.021185555177688553,0.9600339531898499,33.34965501235255,0.00046241775271482766,0.02150390087204709,/home/interns/Desktop/amit_code/new_images/image_3.png,/home/interns/Desktop/amit_code/targeted_experiments/tightened_perturbations/image_3/preserve40/lens_25/vae_latent_out.png,/home/interns/Desktop/amit_code/targeted_experiments/prompt_sweep_tightened/image_3/add_a_flower_crown/clean_edit.png,/home/interns/Desktop/amit_code/targeted_experiments/prompt_sweep_tightened/image_3/add_a_flower_crown/targeted_experiments_tightened_perturbations_image_3_preserve40_lens_25_vae_latent_out_png/perturbed_edit.png,/home/interns/Desktop/amit_code/targeted_experiments/prompt_sweep_tightened/image_3/add_a_flower_crown/targeted_experiments_tightened_perturbations_image_3_preserve40_lens_25_vae_latent_out_png/comparison_strip.jpg
image_3,Add a flower crown,add_a_flower_crown,targeted_experiments_tightened_perturbations_image_3_preserve60_lens_25_vae_latent_out_png,1234,20,7.5,1.5,0.9173495769500732,33.61502409396307,0.000435008347267285,0.020856853724070777,0.9641585350036621,33.800378096182456,0.00041683309245854616,0.020416490698906758,/home/interns/Desktop/amit_code/new_images/image_3.png,/home/interns/Desktop/amit_code/targeted_experiments/tightened_perturbations/image_3/preserve60/lens_25/vae_latent_out.png,/home/interns/Desktop/amit_code/targeted_experiments/prompt_sweep_tightened/image_3/add_a_flower_crown/clean_edit.png,/home/interns/Desktop/amit_code/targeted_experiments/prompt_sweep_tightened/image_3/add_a_flower_crown/targeted_experiments_tightened_perturbations_image_3_preserve60_lens_25_vae_latent_out_png/perturbed_edit.png,/home/interns/Desktop/amit_code/targeted_experiments/prompt_sweep_tightened/image_3/add_a_flower_crown/targeted_experiments_tightened_perturbations_image_3_preserve60_lens_25_vae_latent_out_png/comparison_strip.jpg
image_3,Add a flower crown,add_a_flower_crown,targeted_experiments_tightened_perturbations_image_3_preserve40_bspline_25_vae_latent_out_png,1234,20,7.5,1.5,0.9169774651527405,33.464074317798534,0.00045039397082291543,0.02122248738538712,0.9602422714233398,33.55786219733186,0.00044077177881263196,0.020994565459009434,/home/interns/Desktop/amit_code/new_images/image_3.png,/home/interns/Desktop/amit_code/targeted_experiments/tightened_perturbations/image_3/preserve40/bspline_25/vae_latent_out.png,/home/interns/Desktop/amit_code/targeted_experiments/prompt_sweep_tightened/image_3/add_a_flower_crown/clean_edit.png,/home/interns/Desktop/amit_code/targeted_experiments/prompt_sweep_tightened/image_3/add_a_flower_crown/targeted_experiments_tightened_perturbations_image_3_preserve40_bspline_25_vae_latent_out_png/perturbed_edit.png,/home/interns/Desktop/amit_code/targeted_experiments/prompt_sweep_tightened/image_3/add_a_flower_crown/targeted_experiments_tightened_perturbations_image_3_preserve40_bspline_25_vae_latent_out_png/comparison_strip.jpg
image_3,Add a flower crown,add_a_flower_crown,targeted_experiments_tightened_perturbations_image_3_preserve60_bspline_25_vae_latent_out_png,1234,20,7.5,1.5,0.9164645671844482,33.57677105420437,0.0004388568631839007,0.020948910787530237,0.9640862941741943,33.83060226005992,0.0004139422671869397,0.02034557119343027,/home/interns/Desktop/amit_code/new_images/image_3.png,/home/interns/Desktop/amit_code/targeted_experiments/tightened_perturbations/image_3/preserve60/bspline_25/vae_latent_out.png,/home/interns/Desktop/amit_code/targeted_experiments/prompt_sweep_tightened/image_3/add_a_flower_crown/clean_edit.png,/home/interns/Desktop/amit_code/targeted_experiments/prompt_sweep_tightened/image_3/add_a_flower_crown/targeted_experiments_tightened_perturbations_image_3_preserve60_bspline_25_vae_latent_out_png/perturbed_edit.png,/home/interns/Desktop/amit_code/targeted_experiments/prompt_sweep_tightened/image_3/add_a_flower_crown/targeted_experiments_tightened_perturbations_image_3_preserve60_bspline_25_vae_latent_out_png/comparison_strip.jpg
image_3,Add a flower crown,add_a_flower_crown,targeted_experiments_tightened_perturbations_image_3_preserve40_polar_25_vae_latent_out_png,1234,20,7.5,1.5,0.9158141016960144,32.5744461848017,0.0005527838948182762,0.023511356720067777,0.9434937834739685,30.9181912660322,0.0008094329386949539,0.028450534945672883,/home/interns/Desktop/amit_code/new_images/image_3.png,/home/interns/Desktop/amit_code/targeted_experiments/tightened_perturbations/image_3/preserve40/polar_25/vae_latent_out.png,/home/interns/Desktop/amit_code/targeted_experiments/prompt_sweep_tightened/image_3/add_a_flower_crown/clean_edit.png,/home/interns/Desktop/amit_code/targeted_experiments/prompt_sweep_tightened/image_3/add_a_flower_crown/targeted_experiments_tightened_perturbations_image_3_preserve40_polar_25_vae_latent_out_png/perturbed_edit.png,/home/interns/Desktop/amit_code/targeted_experiments/prompt_sweep_tightened/image_3/add_a_flower_crown/targeted_experiments_tightened_perturbations_image_3_preserve40_polar_25_vae_latent_out_png/comparison_strip.jpg
image_3,Add a flower crown,add_a_flower_crown,targeted_experiments_tightened_perturbations_image_3_preserve60_polar_25_vae_latent_out_png,1234,20,7.5,1.5,0.9127791523933411,32.447536971305965,0.0005691756377927959,0.0238574021593466,0.9445365071296692,30.82593320548269,0.0008268118253909051,0.028754335766817934,/home/interns/Desktop/amit_code/new_images/image_3.png,/home/interns/Desktop/amit_code/targeted_experiments/tightened_perturbations/image_3/preserve60/polar_25/vae_latent_out.png,/home/interns/Desktop/amit_code/targeted_experiments/prompt_sweep_tightened/image_3/add_a_flower_crown/clean_edit.png,/home/interns/Desktop/amit_code/targeted_experiments/prompt_sweep_tightened/image_3/add_a_flower_crown/targeted_experiments_tightened_perturbations_image_3_preserve60_polar_25_vae_latent_out_png/perturbed_edit.png,/home/interns/Desktop/amit_code/targeted_experiments/prompt_sweep_tightened/image_3/add_a_flower_crown/targeted_experiments_tightened_perturbations_image_3_preserve60_polar_25_vae_latent_out_png/comparison_strip.jpg
image_3,Add black sunglasses,add_black_sunglasses,targeted_experiments_tightened_perturbations_image_3_preserve40_lens_25_vae_latent_out_png,1234,20,7.5,1.5,0.9178212285041809,33.479203012351284,0.0004488277481868863,0.021185555177688553,0.9639362692832947,35.42581344467732,0.0002866940340027213,0.016932041637165947,/home/interns/Desktop/amit_code/new_images/image_3.png,/home/interns/Desktop/amit_code/targeted_experiments/tightened_perturbations/image_3/preserve40/lens_25/vae_latent_out.png,/home/interns/Desktop/amit_code/targeted_experiments/prompt_sweep_tightened/image_3/add_black_sunglasses/clean_edit.png,/home/interns/Desktop/amit_code/targeted_experiments/prompt_sweep_tightened/image_3/add_black_sunglasses/targeted_experiments_tightened_perturbations_image_3_preserve40_lens_25_vae_latent_out_png/perturbed_edit.png,/home/interns/Desktop/amit_code/targeted_experiments/prompt_sweep_tightened/image_3/add_black_sunglasses/targeted_experiments_tightened_perturbations_image_3_preserve40_lens_25_vae_latent_out_png/comparison_strip.jpg
image_3,Add black sunglasses,add_black_sunglasses,targeted_experiments_tightened_perturbations_image_3_preserve60_lens_25_vae_latent_out_png,1234,20,7.5,1.5,0.9173495769500732,33.61502409396307,0.000435008347267285,0.020856853724070777,0.9680047631263733,36.11515592432474,0.0002446157450322062,0.015640196451202466,/home/interns/Desktop/amit_code/new_images/image_3.png,/home/interns/Desktop/amit_code/targeted_experiments/tightened_perturbations/image_3/preserve60/lens_25/vae_latent_out.png,/home/interns/Desktop/amit_code/targeted_experiments/prompt_sweep_tightened/image_3/add_black_sunglasses/clean_edit.png,/home/interns/Desktop/amit_code/targeted_experiments/prompt_sweep_tightened/image_3/add_black_sunglasses/targeted_experiments_tightened_perturbations_image_3_preserve60_lens_25_vae_latent_out_png/perturbed_edit.png,/home/interns/Desktop/amit_code/targeted_experiments/prompt_sweep_tightened/image_3/add_black_sunglasses/targeted_experiments_tightened_perturbations_image_3_preserve60_lens_25_vae_latent_out_png/comparison_strip.jpg
image_3,Add black sunglasses,add_black_sunglasses,targeted_experiments_tightened_perturbations_image_3_preserve40_bspline_25_vae_latent_out_png,1234,20,7.5,1.5,0.9169774651527405,33.464074317798534,0.00045039397082291543,0.02122248738538712,0.9636808037757874,35.36468927400566,0.00029075759812258184,0.017051615704166623,/home/interns/Desktop/amit_code/new_images/image_3.png,/home/interns/Desktop/amit_code/targeted_experiments/tightened_perturbations/image_3/preserve40/bspline_25/vae_latent_out.png,/home/interns/Desktop/amit_code/targeted_experiments/prompt_sweep_tightened/image_3/add_black_sunglasses/clean_edit.png,/home/interns/Desktop/amit_code/targeted_experiments/prompt_sweep_tightened/image_3/add_black_sunglasses/targeted_experiments_tightened_perturbations_image_3_preserve40_bspline_25_vae_latent_out_png/perturbed_edit.png,/home/interns/Desktop/amit_code/targeted_experiments/prompt_sweep_tightened/image_3/add_black_sunglasses/targeted_experiments_tightened_perturbations_image_3_preserve40_bspline_25_vae_latent_out_png/comparison_strip.jpg
image_3,Add black sunglasses,add_black_sunglasses,targeted_experiments_tightened_perturbations_image_3_preserve60_bspline_25_vae_latent_out_png,1234,20,7.5,1.5,0.9164645671844482,33.57677105420437,0.0004388568631839007,0.020948910787530237,0.9678457379341125,36.11015959347855,0.0002448973245918751,0.015649195653191735,/home/interns/Desktop/amit_code/new_images/image_3.png,/home/interns/Desktop/amit_code/targeted_experiments/tightened_perturbations/image_3/preserve60/bspline_25/vae_latent_out.png,/home/interns/Desktop/amit_code/targeted_experiments/prompt_sweep_tightened/image_3/add_black_sunglasses/clean_edit.png,/home/interns/Desktop/amit_code/targeted_experiments/prompt_sweep_tightened/image_3/add_black_sunglasses/targeted_experiments_tightened_perturbations_image_3_preserve60_bspline_25_vae_latent_out_png/perturbed_edit.png,/home/interns/Desktop/amit_code/targeted_experiments/prompt_sweep_tightened/image_3/add_black_sunglasses/targeted_experiments_tightened_perturbations_image_3_preserve60_bspline_25_vae_latent_out_png/comparison_strip.jpg
image_3,Add black sunglasses,add_black_sunglasses,targeted_experiments_tightened_perturbations_image_3_preserve40_polar_25_vae_latent_out_png,1234,20,7.5,1.5,0.9158141016960144,32.5744461848017,0.0005527838948182762,0.023511356720067777,0.9490212798118591,32.766710676572146,0.0005288456450216472,0.022996644212181203,/home/interns/Desktop/amit_code/new_images/image_3.png,/home/interns/Desktop/amit_code/targeted_experiments/tightened_perturbations/image_3/preserve40/polar_25/vae_latent_out.png,/home/interns/Desktop/amit_code/targeted_experiments/prompt_sweep_tightened/image_3/add_black_sunglasses/clean_edit.png,/home/interns/Desktop/amit_code/targeted_experiments/prompt_sweep_tightened/image_3/add_black_sunglasses/targeted_experiments_tightened_perturbations_image_3_preserve40_polar_25_vae_latent_out_png/perturbed_edit.png,/home/interns/Desktop/amit_code/targeted_experiments/prompt_sweep_tightened/image_3/add_black_sunglasses/targeted_experiments_tightened_perturbations_image_3_preserve40_polar_25_vae_latent_out_png/comparison_strip.jpg
image_3,Add black sunglasses,add_black_sunglasses,targeted_experiments_tightened_perturbations_image_3_preserve60_polar_25_vae_latent_out_png,1234,20,7.5,1.5,0.9127791523933411,32.447536971305965,0.0005691756377927959,0.0238574021593466,0.9509968757629395,32.99846396252436,0.0005013645277358592,0.022391170754023988,/home/interns/Desktop/amit_code/new_images/image_3.png,/home/interns/Desktop/amit_code/targeted_experiments/tightened_perturbations/image_3/preserve60/polar_25/vae_latent_out.png,/home/interns/Desktop/amit_code/targeted_experiments/prompt_sweep_tightened/image_3/add_black_sunglasses/clean_edit.png,/home/interns/Desktop/amit_code/targeted_experiments/prompt_sweep_tightened/image_3/add_black_sunglasses/targeted_experiments_tightened_perturbations_image_3_preserve60_polar_25_vae_latent_out_png/perturbed_edit.png,/home/interns/Desktop/amit_code/targeted_experiments/prompt_sweep_tightened/image_3/add_black_sunglasses/targeted_experiments_tightened_perturbations_image_3_preserve60_polar_25_vae_latent_out_png/comparison_strip.jpg
image_3,Add over-ear headphones,add_over_ear_headphones,targeted_experiments_tightened_perturbations_image_3_preserve40_lens_25_vae_latent_out_png,1234,20,7.5,1.5,0.9178212285041809,33.479203012351284,0.0004488277481868863,0.021185555177688553,0.9553495049476624,33.85259372074613,0.0004118514771107584,0.020294124201619503,/home/interns/Desktop/amit_code/new_images/image_3.png,/home/interns/Desktop/amit_code/targeted_experiments/tightened_perturbations/image_3/preserve40/lens_25/vae_latent_out.png,/home/interns/Desktop/amit_code/targeted_experiments/prompt_sweep_tightened/image_3/add_over_ear_headphones/clean_edit.png,/home/interns/Desktop/amit_code/targeted_experiments/prompt_sweep_tightened/image_3/add_over_ear_headphones/targeted_experiments_tightened_perturbations_image_3_preserve40_lens_25_vae_latent_out_png/perturbed_edit.png,/home/interns/Desktop/amit_code/targeted_experiments/prompt_sweep_tightened/image_3/add_over_ear_headphones/targeted_experiments_tightened_perturbations_image_3_preserve40_lens_25_vae_latent_out_png/comparison_strip.jpg
image_3,Add over-ear headphones,add_over_ear_headphones,targeted_experiments_tightened_perturbations_image_3_preserve60_lens_25_vae_latent_out_png,1234,20,7.5,1.5,0.9173495769500732,33.61502409396307,0.000435008347267285,0.020856853724070777,0.9620108604431152,34.56099316005334,0.00034986514947377145,0.01870468255474472,/home/interns/Desktop/amit_code/new_images/image_3.png,/home/interns/Desktop/amit_code/targeted_experiments/tightened_perturbations/image_3/preserve60/lens_25/vae_latent_out.png,/home/interns/Desktop/amit_code/targeted_experiments/prompt_sweep_tightened/image_3/add_over_ear_headphones/clean_edit.png,/home/interns/Desktop/amit_code/targeted_experiments/prompt_sweep_tightened/image_3/add_over_ear_headphones/targeted_experiments_tightened_perturbations_image_3_preserve60_lens_25_vae_latent_out_png/perturbed_edit.png,/home/interns/Desktop/amit_code/targeted_experiments/prompt_sweep_tightened/image_3/add_over_ear_headphones/targeted_experiments_tightened_perturbations_image_3_preserve60_lens_25_vae_latent_out_png/comparison_strip.jpg
image_3,Add over-ear headphones,add_over_ear_headphones,targeted_experiments_tightened_perturbations_image_3_preserve40_bspline_25_vae_latent_out_png,1234,20,7.5,1.5,0.9169774651527405,33.464074317798534,0.00045039397082291543,0.02122248738538712,0.956548273563385,33.92702768010064,0.00040485287900082767,0.02012095621487278,/home/interns/Desktop/amit_code/new_images/image_3.png,/home/interns/Desktop/amit_code/targeted_experiments/tightened_perturbations/image_3/preserve40/bspline_25/vae_latent_out.png,/home/interns/Desktop/amit_code/targeted_experiments/prompt_sweep_tightened/image_3/add_over_ear_headphones/clean_edit.png,/home/interns/Desktop/amit_code/targeted_experiments/prompt_sweep_tightened/image_3/add_over_ear_headphones/targeted_experiments_tightened_perturbations_image_3_preserve40_bspline_25_vae_latent_out_png/perturbed_edit.png,/home/interns/Desktop/amit_code/targeted_experiments/prompt_sweep_tightened/image_3/add_over_ear_headphones/targeted_experiments_tightened_perturbations_image_3_preserve40_bspline_25_vae_latent_out_png/comparison_strip.jpg
image_3,Add over-ear headphones,add_over_ear_headphones,targeted_experiments_tightened_perturbations_image_3_preserve60_bspline_25_vae_latent_out_png,1234,20,7.5,1.5,0.9164645671844482,33.57677105420437,0.0004388568631839007,0.020948910787530237,0.9619566798210144,34.50447631922051,0.0003544478677213192,0.018826785910540312,/home/interns/Desktop/amit_code/new_images/image_3.png,/home/interns/Desktop/amit_code/targeted_experiments/tightened_perturbations/image_3/preserve60/bspline_25/vae_latent_out.png,/home/interns/Desktop/amit_code/targeted_experiments/prompt_sweep_tightened/image_3/add_over_ear_headphones/clean_edit.png,/home/interns/Desktop/amit_code/targeted_experiments/prompt_sweep_tightened/image_3/add_over_ear_headphones/targeted_experiments_tightened_perturbations_image_3_preserve60_bspline_25_vae_latent_out_png/perturbed_edit.png,/home/interns/Desktop/amit_code/targeted_experiments/prompt_sweep_tightened/image_3/add_over_ear_headphones/targeted_experiments_tightened_perturbations_image_3_preserve60_bspline_25_vae_latent_out_png/comparison_strip.jpg
image_3,Add over-ear headphones,add_over_ear_headphones,targeted_experiments_tightened_perturbations_image_3_preserve40_polar_25_vae_latent_out_png,1234,20,7.5,1.5,0.9158141016960144,32.5744461848017,0.0005527838948182762,0.023511356720067777,0.9349938035011292,31.050802484174135,0.0007850905531086028,0.028019467395163006,/home/interns/Desktop/amit_code/new_images/image_3.png,/home/interns/Desktop/amit_code/targeted_experiments/tightened_perturbations/image_3/preserve40/polar_25/vae_latent_out.png,/home/interns/Desktop/amit_code/targeted_experiments/prompt_sweep_tightened/image_3/add_over_ear_headphones/clean_edit.png,/home/interns/Desktop/amit_code/targeted_experiments/prompt_sweep_tightened/image_3/add_over_ear_headphones/targeted_experiments_tightened_perturbations_image_3_preserve40_polar_25_vae_latent_out_png/perturbed_edit.png,/home/interns/Desktop/amit_code/targeted_experiments/prompt_sweep_tightened/image_3/add_over_ear_headphones/targeted_experiments_tightened_perturbations_image_3_preserve40_polar_25_vae_latent_out_png/comparison_strip.jpg
image_3,Add over-ear headphones,add_over_ear_headphones,targeted_experiments_tightened_perturbations_image_3_preserve60_polar_25_vae_latent_out_png,1234,20,7.5,1.5,0.9127791523933411,32.447536971305965,0.0005691756377927959,0.0238574021593466,0.941417396068573,31.421690092256576,0.0007208269089460373,0.026848219846873224,/home/interns/Desktop/amit_code/new_images/image_3.png,/home/interns/Desktop/amit_code/targeted_experiments/tightened_perturbations/image_3/preserve60/polar_25/vae_latent_out.png,/home/interns/Desktop/amit_code/targeted_experiments/prompt_sweep_tightened/image_3/add_over_ear_headphones/clean_edit.png,/home/interns/Desktop/amit_code/targeted_experiments/prompt_sweep_tightened/image_3/add_over_ear_headphones/targeted_experiments_tightened_perturbations_image_3_preserve60_polar_25_vae_latent_out_png/perturbed_edit.png,/home/interns/Desktop/amit_code/targeted_experiments/prompt_sweep_tightened/image_3/add_over_ear_headphones/targeted_experiments_tightened_perturbations_image_3_preserve60_polar_25_vae_latent_out_png/comparison_strip.jpg
image_3,Change hair color to bright blue,change_hair_color_to_bright_blue,targeted_experiments_tightened_perturbations_image_3_preserve40_lens_25_vae_latent_out_png,1234,20,7.5,1.5,0.9178212285041809,33.479203012351284,0.0004488277481868863,0.021185555177688553,0.9620538353919983,34.94402780511293,0.0003203297092113644,0.017897757100021342,/home/interns/Desktop/amit_code/new_images/image_3.png,/home/interns/Desktop/amit_code/targeted_experiments/tightened_perturbations/image_3/preserve40/lens_25/vae_latent_out.png,/home/interns/Desktop/amit_code/targeted_experiments/prompt_sweep_tightened/image_3/change_hair_color_to_bright_blue/clean_edit.png,/home/interns/Desktop/amit_code/targeted_experiments/prompt_sweep_tightened/image_3/change_hair_color_to_bright_blue/targeted_experiments_tightened_perturbations_image_3_preserve40_lens_25_vae_latent_out_png/perturbed_edit.png,/home/interns/Desktop/amit_code/targeted_experiments/prompt_sweep_tightened/image_3/change_hair_color_to_bright_blue/targeted_experiments_tightened_perturbations_image_3_preserve40_lens_25_vae_latent_out_png/comparison_strip.jpg
image_3,Change hair color to bright blue,change_hair_color_to_bright_blue,targeted_experiments_tightened_perturbations_image_3_preserve60_lens_25_vae_latent_out_png,1234,20,7.5,1.5,0.9173495769500732,33.61502409396307,0.000435008347267285,0.020856853724070777,0.966256320476532,35.39288222243287,0.00028887621010653675,0.01699635873081457,/home/interns/Desktop/amit_code/new_images/image_3.png,/home/interns/Desktop/amit_code/targeted_experiments/tightened_perturbations/image_3/preserve60/lens_25/vae_latent_out.png,/home/interns/Desktop/amit_code/targeted_experiments/prompt_sweep_tightened/image_3/change_hair_color_to_bright_blue/clean_edit.png,/home/interns/Desktop/amit_code/targeted_experiments/prompt_sweep_tightened/image_3/change_hair_color_to_bright_blue/targeted_experiments_tightened_perturbations_image_3_preserve60_lens_25_vae_latent_out_png/perturbed_edit.png,/home/interns/Desktop/amit_code/targeted_experiments/prompt_sweep_tightened/image_3/change_hair_color_to_bright_blue/targeted_experiments_tightened_perturbations_image_3_preserve60_lens_25_vae_latent_out_png/comparison_strip.jpg
image_3,Change hair color to bright blue,change_hair_color_to_bright_blue,targeted_experiments_tightened_perturbations_image_3_preserve40_bspline_25_vae_latent_out_png,1234,20,7.5,1.5,0.9169774651527405,33.464074317798534,0.00045039397082291543,0.02122248738538712,0.9621090292930603,34.40549094387346,0.0003626192919909954,0.019042565268130116,/home/interns/Desktop/amit_code/new_images/image_3.png,/home/interns/Desktop/amit_code/targeted_experiments/tightened_perturbations/image_3/preserve40/bspline_25/vae_latent_out.png,/home/interns/Desktop/amit_code/targeted_experiments/prompt_sweep_tightened/image_3/change_hair_color_to_bright_blue/clean_edit.png,/home/interns/Desktop/amit_code/targeted_experiments/prompt_sweep_tightened/image_3/change_hair_color_to_bright_blue/targeted_experiments_tightened_perturbations_image_3_preserve40_bspline_25_vae_latent_out_png/perturbed_edit.png,/home/interns/Desktop/amit_code/targeted_experiments/prompt_sweep_tightened/image_3/change_hair_color_to_bright_blue/targeted_experiments_tightened_perturbations_image_3_preserve40_bspline_25_vae_latent_out_png/comparison_strip.jpg
image_3,Change hair color to bright blue,change_hair_color_to_bright_blue,targeted_experiments_tightened_perturbations_image_3_preserve60_bspline_25_vae_latent_out_png,1234,20,7.5,1.5,0.9164645671844482,33.57677105420437,0.0004388568631839007,0.020948910787530237,0.965924084186554,35.04654756423686,0.00031285654404200613,0.017687751243219307,/home/interns/Desktop/amit_code/new_images/image_3.png,/home/interns/Desktop/amit_code/targeted_experiments/tightened_perturbations/image_3/preserve60/bspline_25/vae_latent_out.png,/home/interns/Desktop/amit_code/targeted_experiments/prompt_sweep_tightened/image_3/change_hair_color_to_bright_blue/clean_edit.png,/home/interns/Desktop/amit_code/targeted_experiments/prompt_sweep_tightened/image_3/change_hair_color_to_bright_blue/targeted_experiments_tightened_perturbations_image_3_preserve60_bspline_25_vae_latent_out_png/perturbed_edit.png,/home/interns/Desktop/amit_code/targeted_experiments/prompt_sweep_tightened/image_3/change_hair_color_to_bright_blue/targeted_experiments_tightened_perturbations_image_3_preserve60_bspline_25_vae_latent_out_png/comparison_strip.jpg
image_3,Change hair color to bright blue,change_hair_color_to_bright_blue,targeted_experiments_tightened_perturbations_image_3_preserve40_polar_25_vae_latent_out_png,1234,20,7.5,1.5,0.9158141016960144,32.5744461848017,0.0005527838948182762,0.023511356720067777,0.9412772059440613,29.294956597163377,0.001176262740045786,0.03429668701268077,/home/interns/Desktop/amit_code/new_images/image_3.png,/home/interns/Desktop/amit_code/targeted_experiments/tightened_perturbations/image_3/preserve40/polar_25/vae_latent_out.png,/home/interns/Desktop/amit_code/targeted_experiments/prompt_sweep_tightened/image_3/change_hair_color_to_bright_blue/clean_edit.png,/home/interns/Desktop/amit_code/targeted_experiments/prompt_sweep_tightened/image_3/change_hair_color_to_bright_blue/targeted_experiments_tightened_perturbations_image_3_preserve40_polar_25_vae_latent_out_png/perturbed_edit.png,/home/interns/Desktop/amit_code/targeted_experiments/prompt_sweep_tightened/image_3/change_hair_color_to_bright_blue/targeted_experiments_tightened_perturbations_image_3_preserve40_polar_25_vae_latent_out_png/comparison_strip.jpg
image_3,Change hair color to bright blue,change_hair_color_to_bright_blue,targeted_experiments_tightened_perturbations_image_3_preserve60_polar_25_vae_latent_out_png,1234,20,7.5,1.5,0.9127791523933411,32.447536971305965,0.0005691756377927959,0.0238574021593466,0.9417532086372375,29.06034657447205,0.0012415532255545259,0.03523568114219627,/home/interns/Desktop/amit_code/new_images/image_3.png,/home/interns/Desktop/amit_code/targeted_experiments/tightened_perturbations/image_3/preserve60/polar_25/vae_latent_out.png,/home/interns/Desktop/amit_code/targeted_experiments/prompt_sweep_tightened/image_3/change_hair_color_to_bright_blue/clean_edit.png,/home/interns/Desktop/amit_code/targeted_experiments/prompt_sweep_tightened/image_3/change_hair_color_to_bright_blue/targeted_experiments_tightened_perturbations_image_3_preserve60_polar_25_vae_latent_out_png/perturbed_edit.png,/home/interns/Desktop/amit_code/targeted_experiments/prompt_sweep_tightened/image_3/change_hair_color_to_bright_blue/targeted_experiments_tightened_perturbations_image_3_preserve60_polar_25_vae_latent_out_png/comparison_strip.jpg
image_3,Change the shirt to bright red,change_the_shirt_to_bright_red,targeted_experiments_tightened_perturbations_image_3_preserve40_lens_25_vae_latent_out_png,1234,20,7.5,1.5,0.9178212285041809,33.479203012351284,0.0004488277481868863,0.021185555177688553,0.9489259719848633,33.18439345366771,0.00048035316285677254,0.021916960620870143,/home/interns/Desktop/amit_code/new_images/image_3.png,/home/interns/Desktop/amit_code/targeted_experiments/tightened_perturbations/image_3/preserve40/lens_25/vae_latent_out.png,/home/interns/Desktop/amit_code/targeted_experiments/prompt_sweep_tightened/image_3/change_the_shirt_to_bright_red/clean_edit.png,/home/interns/Desktop/amit_code/targeted_experiments/prompt_sweep_tightened/image_3/change_the_shirt_to_bright_red/targeted_experiments_tightened_perturbations_image_3_preserve40_lens_25_vae_latent_out_png/perturbed_edit.png,/home/interns/Desktop/amit_code/targeted_experiments/prompt_sweep_tightened/image_3/change_the_shirt_to_bright_red/targeted_experiments_tightened_perturbations_image_3_preserve40_lens_25_vae_latent_out_png/comparison_strip.jpg
image_3,Change the shirt to bright red,change_the_shirt_to_bright_red,targeted_experiments_tightened_perturbations_image_3_preserve60_lens_25_vae_latent_out_png,1234,20,7.5,1.5,0.9173495769500732,33.61502409396307,0.000435008347267285,0.020856853724070777,0.956597089767456,32.96859569729544,0.0005048245075158775,0.022468300058435163,/home/interns/Desktop/amit_code/new_images/image_3.png,/home/interns/Desktop/amit_code/targeted_experiments/tightened_perturbations/image_3/preserve60/lens_25/vae_latent_out.png,/home/interns/Desktop/amit_code/targeted_experiments/prompt_sweep_tightened/image_3/change_the_shirt_to_bright_red/clean_edit.png,/home/interns/Desktop/amit_code/targeted_experiments/prompt_sweep_tightened/image_3/change_the_shirt_to_bright_red/targeted_experiments_tightened_perturbations_image_3_preserve60_lens_25_vae_latent_out_png/perturbed_edit.png,/home/interns/Desktop/amit_code/targeted_experiments/prompt_sweep_tightened/image_3/change_the_shirt_to_bright_red/targeted_experiments_tightened_perturbations_image_3_preserve60_lens_25_vae_latent_out_png/comparison_strip.jpg
image_3,Change the shirt to bright red,change_the_shirt_to_bright_red,targeted_experiments_tightened_perturbations_image_3_preserve40_bspline_25_vae_latent_out_png,1234,20,7.5,1.5,0.9169774651527405,33.464074317798534,0.00045039397082291543,0.02122248738538712,0.9502496719360352,31.243222890399657,0.0007510653231292963,0.02740557102359475,/home/interns/Desktop/amit_code/new_images/image_3.png,/home/interns/Desktop/amit_code/targeted_experiments/tightened_perturbations/image_3/preserve40/bspline_25/vae_latent_out.png,/home/interns/Desktop/amit_code/targeted_experiments/prompt_sweep_tightened/image_3/change_the_shirt_to_bright_red/clean_edit.png,/home/interns/Desktop/amit_code/targeted_experiments/prompt_sweep_tightened/image_3/change_the_shirt_to_bright_red/targeted_experiments_tightened_perturbations_image_3_preserve40_bspline_25_vae_latent_out_png/perturbed_edit.png,/home/interns/Desktop/amit_code/targeted_experiments/prompt_sweep_tightened/image_3/change_the_shirt_to_bright_red/targeted_experiments_tightened_perturbations_image_3_preserve40_bspline_25_vae_latent_out_png/comparison_strip.jpg
image_3,Change the shirt to bright red,change_the_shirt_to_bright_red,targeted_experiments_tightened_perturbations_image_3_preserve60_bspline_25_vae_latent_out_png,1234,20,7.5,1.5,0.9164645671844482,33.57677105420437,0.0004388568631839007,0.020948910787530237,0.9539062976837158,30.886598725291655,0.0008153425878845155,0.028554204381920984,/home/interns/Desktop/amit_code/new_images/image_3.png,/home/interns/Desktop/amit_code/targeted_experiments/tightened_perturbations/image_3/preserve60/bspline_25/vae_latent_out.png,/home/interns/Desktop/amit_code/targeted_experiments/prompt_sweep_tightened/image_3/change_the_shirt_to_bright_red/clean_edit.png,/home/interns/Desktop/amit_code/targeted_experiments/prompt_sweep_tightened/image_3/change_the_shirt_to_bright_red/targeted_experiments_tightened_perturbations_image_3_preserve60_bspline_25_vae_latent_out_png/perturbed_edit.png,/home/interns/Desktop/amit_code/targeted_experiments/prompt_sweep_tightened/image_3/change_the_shirt_to_bright_red/targeted_experiments_tightened_perturbations_image_3_preserve60_bspline_25_vae_latent_out_png/comparison_strip.jpg
image_3,Change the shirt to bright red,change_the_shirt_to_bright_red,targeted_experiments_tightened_perturbations_image_3_preserve40_polar_25_vae_latent_out_png,1234,20,7.5,1.5,0.9158141016960144,32.5744461848017,0.0005527838948182762,0.023511356720067777,0.9038846492767334,26.36331706971868,0.0023102995473891497,0.04806557549212481,/home/interns/Desktop/amit_code/new_images/image_3.png,/home/interns/Desktop/amit_code/targeted_experiments/tightened_perturbations/image_3/preserve40/polar_25/vae_latent_out.png,/home/interns/Desktop/amit_code/targeted_experiments/prompt_sweep_tightened/image_3/change_the_shirt_to_bright_red/clean_edit.png,/home/interns/Desktop/amit_code/targeted_experiments/prompt_sweep_tightened/image_3/change_the_shirt_to_bright_red/targeted_experiments_tightened_perturbations_image_3_preserve40_polar_25_vae_latent_out_png/perturbed_edit.png,/home/interns/Desktop/amit_code/targeted_experiments/prompt_sweep_tightened/image_3/change_the_shirt_to_bright_red/targeted_experiments_tightened_perturbations_image_3_preserve40_polar_25_vae_latent_out_png/comparison_strip.jpg
image_3,Change the shirt to bright red,change_the_shirt_to_bright_red,targeted_experiments_tightened_perturbations_image_3_preserve60_polar_25_vae_latent_out_png,1234,20,7.5,1.5,0.9127791523933411,32.447536971305965,0.0005691756377927959,0.0238574021593466,0.9080696105957031,26.38961175930651,0.0022963539231568575,0.04792028717732039,/home/interns/Desktop/amit_code/new_images/image_3.png,/home/interns/Desktop/amit_code/targeted_experiments/tightened_perturbations/image_3/preserve60/polar_25/vae_latent_out.png,/home/interns/Desktop/amit_code/targeted_experiments/prompt_sweep_tightened/image_3/change_the_shirt_to_bright_red/clean_edit.png,/home/interns/Desktop/amit_code/targeted_experiments/prompt_sweep_tightened/image_3/change_the_shirt_to_bright_red/targeted_experiments_tightened_perturbations_image_3_preserve60_polar_25_vae_latent_out_png/perturbed_edit.png,/home/interns/Desktop/amit_code/targeted_experiments/prompt_sweep_tightened/image_3/change_the_shirt_to_bright_red/targeted_experiments_tightened_perturbations_image_3_preserve60_polar_25_vae_latent_out_png/comparison_strip.jpg
image_3,Turn the hair blonde,turn_the_hair_blonde,targeted_experiments_tightened_perturbations_image_3_preserve40_lens_25_vae_latent_out_png,1234,20,7.5,1.5,0.9178212285041809,33.479203012351284,0.0004488277481868863,0.021185555177688553,0.9624886512756348,35.269771062077204,0.0002971822686959058,0.017238975279752152,/home/interns/Desktop/amit_code/new_images/image_3.png,/home/interns/Desktop/amit_code/targeted_experiments/tightened_perturbations/image_3/preserve40/lens_25/vae_latent_out.png,/home/interns/Desktop/amit_code/targeted_experiments/prompt_sweep_tightened/image_3/turn_the_hair_blonde/clean_edit.png,/home/interns/Desktop/amit_code/targeted_experiments/prompt_sweep_tightened/image_3/turn_the_hair_blonde/targeted_experiments_tightened_perturbations_image_3_preserve40_lens_25_vae_latent_out_png/perturbed_edit.png,/home/interns/Desktop/amit_code/targeted_experiments/prompt_sweep_tightened/image_3/turn_the_hair_blonde/targeted_experiments_tightened_perturbations_image_3_preserve40_lens_25_vae_latent_out_png/comparison_strip.jpg
image_3,Turn the hair blonde,turn_the_hair_blonde,targeted_experiments_tightened_perturbations_image_3_preserve60_lens_25_vae_latent_out_png,1234,20,7.5,1.5,0.9173495769500732,33.61502409396307,0.000435008347267285,0.020856853724070777,0.9665006995201111,35.790047305104544,0.00026363026699982584,0.016236695076271707,/home/interns/Desktop/amit_code/new_images/image_3.png,/home/interns/Desktop/amit_code/targeted_experiments/tightened_perturbations/image_3/preserve60/lens_25/vae_latent_out.png,/home/interns/Desktop/amit_code/targeted_experiments/prompt_sweep_tightened/image_3/turn_the_hair_blonde/clean_edit.png,/home/interns/Desktop/amit_code/targeted_experiments/prompt_sweep_tightened/image_3/turn_the_hair_blonde/targeted_experiments_tightened_perturbations_image_3_preserve60_lens_25_vae_latent_out_png/perturbed_edit.png,/home/interns/Desktop/amit_code/targeted_experiments/prompt_sweep_tightened/image_3/turn_the_hair_blonde/targeted_experiments_tightened_perturbations_image_3_preserve60_lens_25_vae_latent_out_png/comparison_strip.jpg
image_3,Turn the hair blonde,turn_the_hair_blonde,targeted_experiments_tightened_perturbations_image_3_preserve40_bspline_25_vae_latent_out_png,1234,20,7.5,1.5,0.9169774651527405,33.464074317798534,0.00045039397082291543,0.02122248738538712,0.9623822569847107,35.230175721409516,0.00029990411712788045,0.017317739954390135,/home/interns/Desktop/amit_code/new_images/image_3.png,/home/interns/Desktop/amit_code/targeted_experiments/tightened_perturbations/image_3/preserve40/bspline_25/vae_latent_out.png,/home/interns/Desktop/amit_code/targeted_experiments/prompt_sweep_tightened/image_3/turn_the_hair_blonde/clean_edit.png,/home/interns/Desktop/amit_code/targeted_experiments/prompt_sweep_tightened/image_3/turn_the_hair_blonde/targeted_experiments_tightened_perturbations_image_3_preserve40_bspline_25_vae_latent_out_png/perturbed_edit.png,/home/interns/Desktop/amit_code/targeted_experiments/prompt_sweep_tightened/image_3/turn_the_hair_blonde/targeted_experiments_tightened_perturbations_image_3_preserve40_bspline_25_vae_latent_out_png/comparison_strip.jpg
image_3,Turn the hair blonde,turn_the_hair_blonde,targeted_experiments_tightened_perturbations_image_3_preserve60_bspline_25_vae_latent_out_png,1234,20,7.5,1.5,0.9164645671844482,33.57677105420437,0.0004388568631839007,0.020948910787530237,0.9664163589477539,35.72656983561056,0.0002675118448678404,0.016355789337963497,/home/interns/Desktop/amit_code/new_images/image_3.png,/home/interns/Desktop/amit_code/targeted_experiments/tightened_perturbations/image_3/preserve60/bspline_25/vae_latent_out.png,/home/interns/Desktop/amit_code/targeted_experiments/prompt_sweep_tightened/image_3/turn_the_hair_blonde/clean_edit.png,/home/interns/Desktop/amit_code/targeted_experiments/prompt_sweep_tightened/image_3/turn_the_hair_blonde/targeted_experiments_tightened_perturbations_image_3_preserve60_bspline_25_vae_latent_out_png/perturbed_edit.png,/home/interns/Desktop/amit_code/targeted_experiments/prompt_sweep_tightened/image_3/turn_the_hair_blonde/targeted_experiments_tightened_perturbations_image_3_preserve60_bspline_25_vae_latent_out_png/comparison_strip.jpg
image_3,Turn the hair blonde,turn_the_hair_blonde,targeted_experiments_tightened_perturbations_image_3_preserve40_polar_25_vae_latent_out_png,1234,20,7.5,1.5,0.9158141016960144,32.5744461848017,0.0005527838948182762,0.023511356720067777,0.9493634700775146,33.42783709654496,0.00045416774810291827,0.021311211793394534,/home/interns/Desktop/amit_code/new_images/image_3.png,/home/interns/Desktop/amit_code/targeted_experiments/tightened_perturbations/image_3/preserve40/polar_25/vae_latent_out.png,/home/interns/Desktop/amit_code/targeted_experiments/prompt_sweep_tightened/image_3/turn_the_hair_blonde/clean_edit.png,/home/interns/Desktop/amit_code/targeted_experiments/prompt_sweep_tightened/image_3/turn_the_hair_blonde/targeted_experiments_tightened_perturbations_image_3_preserve40_polar_25_vae_latent_out_png/perturbed_edit.png,/home/interns/Desktop/amit_code/targeted_experiments/prompt_sweep_tightened/image_3/turn_the_hair_blonde/targeted_experiments_tightened_perturbations_image_3_preserve40_polar_25_vae_latent_out_png/comparison_strip.jpg
image_3,Turn the hair blonde,turn_the_hair_blonde,targeted_experiments_tightened_perturbations_image_3_preserve60_polar_25_vae_latent_out_png,1234,20,7.5,1.5,0.9127791523933411,32.447536971305965,0.0005691756377927959,0.0238574021593466,0.9512233734130859,33.499850415241156,0.000446698977611959,0.021135254377744286,/home/interns/Desktop/amit_code/new_images/image_3.png,/home/interns/Desktop/amit_code/targeted_experiments/tightened_perturbations/image_3/preserve60/polar_25/vae_latent_out.png,/home/interns/Desktop/amit_code/targeted_experiments/prompt_sweep_tightened/image_3/turn_the_hair_blonde/clean_edit.png,/home/interns/Desktop/amit_code/targeted_experiments/prompt_sweep_tightened/image_3/turn_the_hair_blonde/targeted_experiments_tightened_perturbations_image_3_preserve60_polar_25_vae_latent_out_png/perturbed_edit.png,/home/interns/Desktop/amit_code/targeted_experiments/prompt_sweep_tightened/image_3/turn_the_hair_blonde/targeted_experiments_tightened_perturbations_image_3_preserve60_polar_25_vae_latent_out_png/comparison_strip.jpg
